id,industry_id,department,date,fresh_water_consumed,wastewater_generated,reused_water,cto_limit
1,1,Production,2025-01-01,1029.0,688.2,711.4,2000
2,1,Production,2025-01-02,1232.6,749.4,670.0,2000
3,1,Production,2025-01-03,1222.0,951.9,864.4,2000
4,1,Utilities,2025-01-04,739.3,593.2,385.2,2000
5,1,Utilities,2025-01-05,685.5,437.9,567.8,2000
6,1,Production,2025-01-06,1156.8,797.9,750.1,2000
7,1,Production,2025-01-07,1282.7,941.6,951.4,2000
8,1,Cleaning,2025-01-08,1318.6,995.1,915.7,2000
9,1,Production,2025-01-09,1036.5,681.0,732.6,2000
10,1,Cooling,2025-01-10,1331.9,925.7,785.1,2000
11,1,Cooling,2025-01-11,692.0,451.4,435.3,2000
12,1,Production,2025-01-12,743.6,478.0,524.0,2000
13,1,Utilities,2025-01-13,1117.2,928.8,860.2,2000
14,1,Cleaning,2025-01-14,1323.4,1050.8,713.3,2000
15,1,Cleaning,2025-01-15,1164.4,717.9,932.2,2000
16,1,Cleaning,2025-01-16,1096.5,794.8,923.1,2000
17,1,Cooling,2025-01-17,1115.4,738.0,819.6,2000
18,1,Utilities,2025-01-18,805.9,564.0,426.1,2000
19,1,Utilities,2025-01-19,631.6,386.4,405.1,2000
20,1,Utilities,2025-01-20,1234.7,859.6,830.7,2000
21,1,Cleaning,2025-01-21,1369.6,1116.5,643.7,2000
22,1,Cleaning,2025-01-22,1296.7,888.3,733.9,2000
23,1,Production,2025-01-23,1363.4,1116.6,724.3,2000
24,1,Cooling,2025-01-24,1202.8,753.7,840.1,2000
25,1,Cooling,2025-01-25,645.0,510.0,487.6,2000
26,1,Production,2025-01-26,741.4,535.4,405.5,2000
27,1,Cleaning,2025-01-27,1106.2,730.3,821.6,2000
28,1,Utilities,2025-01-28,1313.8,1109.5,810.5,2000
29,1,Utilities,2025-01-29,1360.9,872.7,808.9,2000
30,1,Cooling,2025-01-30,1354.4,1068.4,860.8,2000
31,1,Utilities,2025-01-31,1378.3,1050.9,780.2,2000
32,1,Production,2025-02-01,715.5,440.8,417.1,2000
33,1,Cooling,2025-02-02,659.6,512.5,425.0,2000
34,1,Production,2025-02-03,1429.2,882.8,769.9,2000
35,1,Cooling,2025-02-04,1305.2,1019.1,991.5,2000
36,1,Cooling,2025-02-05,1400.1,1122.7,753.5,2000
37,1,Utilities,2025-02-06,1233.6,866.9,985.2,2000
38,1,Production,2025-02-07,1120.0,875.9,963.4,2000
39,1,Cooling,2025-02-08,702.1,500.0,499.9,2000
40,1,Cooling,2025-02-09,861.0,532.8,579.6,2000
41,1,Production,2025-02-10,1116.1,948.5,975.6,2000
42,1,Cooling,2025-02-11,1160.9,837.5,761.5,2000
43,1,Production,2025-02-12,1160.2,696.7,822.3,2000
44,1,Utilities,2025-02-13,1206.9,934.3,939.3,2000
45,1,Utilities,2025-02-14,1156.4,779.6,1021.2,2000
46,1,Production,2025-02-15,831.6,510.8,533.4,2000
47,1,Cooling,2025-02-16,671.1,487.9,588.5,2000
48,1,Production,2025-02-17,1357.8,894.5,729.2,2000
49,1,Cooling,2025-02-18,1320.5,805.4,716.2,2000
50,1,Cleaning,2025-02-19,1458.2,949.4,934.4,2000
51,1,Utilities,2025-02-20,1147.1,873.4,845.3,2000
52,1,Production,2025-02-21,1100.1,830.9,881.7,2000
53,1,Cooling,2025-02-22,775.4,490.9,484.8,2000
54,1,Cooling,2025-02-23,743.7,475.5,584.9,2000
55,1,Production,2025-02-24,1355.0,1000.9,1008.5,2000
56,1,Cooling,2025-02-25,1198.8,985.9,943.4,2000
57,1,Cleaning,2025-02-26,1330.6,1037.1,758.0,2000
58,1,Cleaning,2025-02-27,1292.1,856.4,1000.4,2000
59,1,Utilities,2025-02-28,1417.5,866.1,802.7,2000
60,1,Cleaning,2025-03-01,730.9,519.3,587.0,2000
61,1,Production,2025-03-02,709.9,582.7,630.0,2000
62,1,Cleaning,2025-03-03,1389.4,885.1,769.2,2000
63,1,Production,2025-03-04,1518.2,990.7,813.4,2000
64,1,Utilities,2025-03-05,1548.6,1219.3,1057.9,2000
65,1,Cooling,2025-03-06,3588.2,2072.5,1041.8,2000
66,1,Utilities,2025-03-07,1478.8,1206.7,1016.3,2000
67,1,Production,2025-03-08,784.9,478.5,536.0,2000
68,1,Utilities,2025-03-09,776.8,625.4,622.9,2000
69,1,Cooling,2025-03-10,1314.6,880.3,748.2,2000
70,1,Cleaning,2025-03-11,1413.4,989.3,1077.9,2000
71,1,Production,2025-03-12,1199.4,1010.6,787.7,2000
72,1,Cleaning,2025-03-13,1168.1,875.1,848.1,2000
73,1,Utilities,2025-03-14,1399.1,1018.3,862.4,2000
74,1,Cleaning,2025-03-15,702.3,497.9,546.7,2000
75,1,Cooling,2025-03-16,780.4,481.9,578.0,2000
76,1,Cleaning,2025-03-17,1422.3,897.7,1048.6,2000
77,1,Utilities,2025-03-18,1285.2,995.1,923.6,2000
78,1,Utilities,2025-03-19,1428.0,1179.1,945.7,2000
79,1,Production,2025-03-20,1276.1,832.7,1007.2,2000
80,1,Cleaning,2025-03-21,1341.6,953.3,800.4,2000
81,1,Cooling,2025-03-22,852.3,571.8,577.9,2000
82,1,Production,2025-03-23,891.2,702.1,579.8,2000
83,1,Cooling,2025-03-24,1212.4,741.4,1078.9,2000
84,1,Production,2025-03-25,1337.7,1099.0,931.3,2000
85,1,Utilities,2025-03-26,3148.0,1686.5,960.3,2000
86,1,Production,2025-03-27,1469.1,961.8,1013.9,2000
87,1,Utilities,2025-03-28,1172.9,776.8,1029.9,2000
88,1,Utilities,2025-03-29,854.4,723.7,563.1,2000
89,1,Utilities,2025-03-30,841.0,655.8,543.4,2000
90,1,Utilities,2025-03-31,1517.5,1192.6,894.8,2000
91,1,Cooling,2025-04-01,1520.7,1017.8,1022.2,2000
92,1,Cooling,2025-04-02,1286.7,796.9,841.1,2000
93,1,Cleaning,2025-04-03,1542.7,956.7,791.5,2000
94,1,Cooling,2025-04-04,1465.5,902.8,886.0,2000
95,1,Utilities,2025-04-05,719.3,581.4,527.6,2000
96,1,Production,2025-04-06,1875.6,1361.4,525.6,2000
97,1,Utilities,2025-04-07,1395.8,1093.8,1030.4,2000
98,1,Utilities,2025-04-08,1263.8,896.0,746.7,2000
99,1,Utilities,2025-04-09,1472.8,1193.2,1074.4,2000
100,1,Production,2025-04-10,1548.5,1158.2,980.0,2000
101,1,Utilities,2025-04-11,1229.2,879.4,754.5,2000
102,1,Cooling,2025-04-12,816.7,558.9,635.8,2000
103,1,Utilities,2025-04-13,766.5,475.6,445.9,2000
104,1,Cleaning,2025-04-14,1265.8,781.2,1088.3,2000
105,1,Production,2025-04-15,1566.1,1017.7,743.5,2000
106,1,Cooling,2025-04-16,1369.1,860.6,1084.8,2000
107,1,Cleaning,2025-04-17,1490.5,956.8,959.5,2000
108,1,Production,2025-04-18,1495.0,958.2,850.5,2000
109,1,Cleaning,2025-04-19,846.8,700.3,524.5,2000
110,1,Cooling,2025-04-20,722.7,558.4,580.1,2000
111,1,Cleaning,2025-04-21,1525.0,1143.9,780.5,2000
112,1,Production,2025-04-22,1316.7,931.0,872.4,2000
113,1,Cleaning,2025-04-23,1178.2,830.6,916.4,2000
114,1,Cleaning,2025-04-24,1436.1,1159.2,996.3,2000
115,1,Cleaning,2025-04-25,1428.0,1185.1,1021.1,2000
116,1,Cleaning,2025-04-26,783.9,518.5,648.0,2000
117,1,Utilities,2025-04-27,764.4,547.4,576.4,2000
118,1,Production,2025-04-28,1377.6,938.5,915.4,2000
119,1,Cleaning,2025-04-29,1313.9,1077.5,994.0,2000
120,1,Production,2025-04-30,1386.9,898.4,824.8,2000
121,1,Cooling,2025-05-01,1433.4,1091.5,900.6,2000
122,1,Production,2025-05-02,1272.2,891.9,811.1,2000
123,1,Cleaning,2025-05-03,807.0,591.3,526.2,2000
124,1,Cleaning,2025-05-04,777.4,554.6,500.4,2000
125,1,Cooling,2025-05-05,1280.9,1006.4,1066.9,2000
126,1,Cooling,2025-05-06,1240.5,894.5,985.1,2000
127,1,Cleaning,2025-05-07,1551.3,1253.7,830.3,2000
128,1,Cleaning,2025-05-08,1158.3,849.7,822.3,2000
129,1,Cleaning,2025-05-09,1436.2,907.1,1037.1,2000
130,1,Production,2025-05-10,831.6,596.5,529.4,2000
131,1,Production,2025-05-11,753.1,614.1,458.6,2000
132,1,Utilities,2025-05-12,1182.6,895.7,742.5,2000
133,1,Cleaning,2025-05-13,1187.2,786.0,924.9,2000
134,1,Cooling,2025-05-14,1468.0,1020.4,1051.6,2000
135,1,Utilities,2025-05-15,1276.7,964.2,943.6,2000
136,1,Cooling,2025-05-16,1406.9,937.2,752.5,2000
137,1,Production,2025-05-17,729.7,512.3,583.4,2000
138,1,Production,2025-05-18,748.0,581.0,586.4,2000
139,1,Cooling,2025-05-19,1528.3,1218.0,949.1,2000
140,1,Cooling,2025-05-20,1325.4,975.7,957.3,2000
141,1,Cooling,2025-05-21,1181.5,757.9,834.4,2000
142,1,Cleaning,2025-05-22,1331.1,954.6,833.1,2000
143,1,Cleaning,2025-05-23,1356.1,981.1,752.2,2000
144,1,Utilities,2025-05-24,870.8,653.9,439.5,2000
145,1,Production,2025-05-25,935.5,718.5,492.4,2000
146,1,Cooling,2025-05-26,1343.9,1025.2,1054.4,2000
147,1,Utilities,2025-05-27,1410.7,1019.8,756.1,2000
148,1,Cleaning,2025-05-28,1283.1,803.4,781.3,2000
149,1,Utilities,2025-05-29,1269.7,1061.8,1017.3,2000
150,1,Utilities,2025-05-30,1188.3,788.0,765.1,2000
151,1,Production,2025-05-31,852.0,626.8,523.5,2000
152,1,Cleaning,2025-06-01,802.5,581.5,504.0,2000
153,1,Cleaning,2025-06-02,1309.0,1089.0,838.7,2000
154,1,Production,2025-06-03,1107.7,839.1,963.0,2000
155,1,Cleaning,2025-06-04,1309.7,966.6,720.1,2000
156,1,Production,2025-06-05,1275.1,802.5,974.3,2000
157,1,Cleaning,2025-06-06,1293.4,864.5,975.1,2000
158,1,Cooling,2025-06-07,764.0,486.0,452.1,2000
159,1,Cooling,2025-06-08,858.5,574.4,575.9,2000
160,1,Cleaning,2025-06-09,1414.1,948.5,790.7,2000
161,1,Utilities,2025-06-10,1431.4,1018.6,854.6,2000
162,1,Utilities,2025-06-11,1272.7,866.0,752.9,2000
163,1,Utilities,2025-06-12,1186.9,942.3,703.0,2000
164,1,Utilities,2025-06-13,1245.9,954.3,970.3,2000
165,1,Utilities,2025-06-14,881.9,557.0,612.0,2000
166,1,Production,2025-06-15,860.9,611.3,521.4,2000
167,1,Cooling,2025-06-16,1255.2,958.6,741.1,2000
168,1,Cleaning,2025-06-17,1227.5,949.1,911.5,2000
169,1,Utilities,2025-06-18,1465.8,1109.2,993.3,2000
170,1,Production,2025-06-19,1335.5,879.7,923.4,2000
171,1,Cooling,2025-06-20,1385.5,981.6,721.9,2000
172,1,Production,2025-06-21,760.9,588.6,599.3,2000
173,1,Production,2025-06-22,726.0,503.6,442.8,2000
174,1,Cooling,2025-06-23,1162.3,720.3,987.6,2000
175,1,Cooling,2025-06-24,1289.1,961.4,767.9,2000
176,1,Utilities,2025-06-25,1195.3,720.0,964.8,2000
177,1,Cooling,2025-06-26,1125.1,940.9,1027.8,2000
178,1,Utilities,2025-06-27,1363.7,974.0,791.9,2000
179,1,Utilities,2025-06-28,682.7,474.7,486.9,2000
180,1,Cleaning,2025-06-29,1594.9,1011.5,494.5,2000
181,1,Production,2025-06-30,1448.9,1139.3,974.5,2000
182,1,Cooling,2025-07-01,1238.5,852.2,843.7,2000
183,1,Cooling,2025-07-02,1246.2,1029.2,846.8,2000
184,1,Utilities,2025-07-03,1032.0,713.3,682.1,2000
185,1,Cleaning,2025-07-04,1289.1,830.1,682.3,2000
186,1,Cleaning,2025-07-05,726.7,602.0,543.5,2000
187,1,Utilities,2025-07-06,821.0,553.2,551.1,2000
188,1,Utilities,2025-07-07,1366.6,868.0,949.3,2000
189,1,Utilities,2025-07-08,1368.2,1096.1,757.0,2000
190,1,Production,2025-07-09,1115.2,703.6,757.9,2000
191,1,Cleaning,2025-07-10,1230.4,991.2,940.9,2000
192,1,Cooling,2025-07-11,1189.7,898.1,941.8,2000
193,1,Cooling,2025-07-12,751.9,570.6,473.1,2000
194,1,Utilities,2025-07-13,637.2,389.5,391.1,2000
195,1,Production,2025-07-14,1055.0,867.0,683.4,2000
196,1,Utilities,2025-07-15,1231.4,962.5,923.3,2000
197,1,Utilities,2025-07-16,1241.6,1036.4,729.5,2000
198,1,Cooling,2025-07-17,1179.6,988.1,913.7,2000
199,1,Cleaning,2025-07-18,1216.0,1026.9,754.8,2000
200,1,Cooling,2025-07-19,821.1,687.5,542.2,2000
201,1,Cooling,2025-07-20,750.6,562.4,388.1,2000
202,1,Cooling,2025-07-21,1376.0,1096.3,705.7,2000
203,1,Cooling,2025-07-22,1231.1,988.9,714.6,2000
204,1,Production,2025-07-23,1119.8,947.4,956.0,2000
205,1,Cooling,2025-07-24,1059.6,865.3,682.2,2000
206,1,Cooling,2025-07-25,1232.0,744.1,724.9,2000
207,1,Utilities,2025-07-26,725.6,570.6,475.4,2000
208,1,Production,2025-07-27,709.6,465.1,502.1,2000
209,1,Cleaning,2025-07-28,1184.9,996.5,659.5,2000
210,1,Utilities,2025-07-29,1173.5,735.8,868.0,2000
211,1,Production,2025-07-30,1136.0,723.7,680.4,2000
212,1,Cleaning,2025-07-31,1157.1,867.1,734.4,2000
213,1,Utilities,2025-08-01,976.5,757.2,844.4,2000
214,1,Cooling,2025-08-02,652.0,536.0,428.7,2000
215,1,Utilities,2025-08-03,649.2,405.0,431.0,2000
216,1,Cleaning,2025-08-04,1261.0,973.1,732.4,2000
217,1,Production,2025-08-05,974.5,608.2,810.7,2000
218,1,Production,2025-08-06,1138.8,843.2,689.6,2000
219,1,Cleaning,2025-08-07,1234.4,1031.1,717.2,2000
220,1,Production,2025-08-08,1266.0,949.6,696.1,2000
221,1,Cooling,2025-08-09,597.0,430.2,505.7,2000
222,1,Cleaning,2025-08-10,589.1,394.5,395.4,2000
223,1,Production,2025-08-11,2282.6,1648.5,797.3,2000
224,1,Cleaning,2025-08-12,1060.4,684.3,634.4,2000
225,1,Production,2025-08-13,990.7,751.2,601.1,2000
226,1,Cooling,2025-08-14,1068.8,762.5,638.6,2000
227,1,Cleaning,2025-08-15,1202.2,891.9,617.1,2000
228,1,Cooling,2025-08-16,716.8,439.0,369.7,2000
229,1,Utilities,2025-08-17,663.1,471.1,403.7,2000
230,1,Production,2025-08-18,1058.4,664.4,792.8,2000
231,1,Cleaning,2025-08-19,1927.7,1075.6,769.4,2000
232,1,Cooling,2025-08-20,1198.0,805.5,627.5,2000
233,1,Utilities,2025-08-21,1002.0,696.4,800.3,2000
234,1,Cleaning,2025-08-22,2365.4,1523.4,604.5,2000
235,1,Utilities,2025-08-23,680.7,529.2,429.4,2000
236,1,Production,2025-08-24,759.1,488.1,523.5,2000
237,1,Cleaning,2025-08-25,972.8,789.1,664.0,2000
238,1,Production,2025-08-26,1075.3,728.6,692.5,2000
239,1,Cooling,2025-08-27,968.9,734.7,749.1,2000
240,1,Cleaning,2025-08-28,1060.4,890.3,783.1,2000
241,1,Production,2025-08-29,992.3,644.3,770.3,2000
242,1,Production,2025-08-30,601.5,477.1,443.0,2000
243,1,Utilities,2025-08-31,702.2,576.2,469.4,2000
244,1,Cleaning,2025-09-01,1158.2,876.5,598.9,2000
245,1,Utilities,2025-09-02,1085.3,867.2,721.5,2000
246,1,Production,2025-09-03,984.7,702.1,572.7,2000
247,1,Production,2025-09-04,1089.4,919.8,582.0,2000
248,1,Utilities,2025-09-05,1032.4,762.5,777.3,2000
249,1,Utilities,2025-09-06,703.3,522.5,365.6,2000
250,1,Cooling,2025-09-07,712.5,507.7,469.6,2000
251,1,Production,2025-09-08,1045.5,672.4,625.8,2000
252,1,Utilities,2025-09-09,1051.7,791.4,658.2,2000
253,1,Utilities,2025-09-10,1015.5,695.2,723.3,2000
254,1,Cleaning,2025-09-11,908.1,566.3,745.7,2000
255,1,Cooling,2025-09-12,991.9,739.6,596.2,2000
256,1,Utilities,2025-09-13,556.7,432.7,348.3,2000
257,1,Cleaning,2025-09-14,685.3,526.0,472.6,2000
258,1,Production,2025-09-15,1089.9,769.3,657.6,2000
259,1,Cooling,2025-09-16,1185.4,812.5,770.2,2000
260,1,Cooling,2025-09-17,936.0,630.8,776.3,2000
261,1,Production,2025-09-18,1094.8,896.7,728.9,2000
262,1,Cooling,2025-09-19,938.3,758.0,771.6,2000
263,1,Cooling,2025-09-20,668.0,408.1,395.0,2000
264,1,Utilities,2025-09-21,647.3,510.1,465.1,2000
265,1,Cooling,2025-09-22,984.4,789.6,687.4,2000
266,1,Cleaning,2025-09-23,1100.0,816.9,679.5,2000
267,1,Utilities,2025-09-24,1045.0,736.4,602.0,2000
268,1,Cooling,2025-09-25,1161.0,711.7,690.7,2000
269,1,Production,2025-09-26,1110.3,809.4,591.6,2000
270,1,Cooling,2025-09-27,583.8,482.4,358.7,2000
271,1,Cooling,2025-09-28,686.0,563.3,489.6,2000
272,1,Utilities,2025-09-29,1044.7,688.4,833.8,2000
273,1,Production,2025-09-30,987.3,616.8,755.9,2000
274,1,Cooling,2025-10-01,909.1,610.7,769.7,2000
275,1,Cooling,2025-10-02,1099.2,788.4,711.4,2000
276,1,Production,2025-10-03,945.3,764.5,693.3,2000
277,1,Utilities,2025-10-04,540.6,363.3,375.5,2000
278,1,Utilities,2025-10-05,637.5,481.8,336.7,2000
279,1,Utilities,2025-10-06,1049.6,634.1,684.2,2000
280,1,Cooling,2025-10-07,956.1,574.0,640.0,2000
281,1,Cooling,2025-10-08,1070.3,665.1,809.1,2000
282,1,Production,2025-10-09,986.5,707.8,716.9,2000
283,1,Cleaning,2025-10-10,1095.7,755.2,562.4,2000
284,1,Production,2025-10-11,661.8,518.7,380.7,2000
285,1,Cleaning,2025-10-12,669.6,431.1,453.6,2000
286,1,Utilities,2025-10-13,1060.3,851.3,561.2,2000
287,1,Utilities,2025-10-14,878.3,571.2,759.2,2000
288,1,Cleaning,2025-10-15,1152.6,840.1,813.0,2000
289,1,Cleaning,2025-10-16,878.2,668.9,621.8,2000
290,1,Production,2025-10-17,1131.9,773.1,577.9,2000
291,1,Utilities,2025-10-18,656.7,540.9,389.5,2000
292,1,Utilities,2025-10-19,647.3,447.8,456.5,2000
293,1,Production,2025-10-20,1089.5,675.2,707.9,2000
294,1,Cleaning,2025-10-21,965.3,598.5,723.8,2000
295,1,Utilities,2025-10-22,918.0,652.7,665.6,2000
296,1,Cleaning,2025-10-23,1055.1,747.8,717.9,2000
297,1,Production,2025-10-24,890.0,675.8,642.8,2000
298,1,Cooling,2025-10-25,695.1,441.9,425.6,2000
299,1,Production,2025-10-26,543.4,358.1,431.7,2000
300,1,Production,2025-10-27,1052.2,809.9,802.1,2000
301,1,Production,2025-10-28,1042.6,763.6,652.3,2000
302,1,Cooling,2025-10-29,1160.9,704.1,594.6,2000
303,1,Production,2025-10-30,947.1,629.9,665.4,2000
304,1,Cleaning,2025-10-31,1079.4,917.1,598.4,2000
305,1,Production,2025-11-01,617.5,509.2,408.5,2000
306,1,Cleaning,2025-11-02,658.0,511.5,426.0,2000
307,1,Cleaning,2025-11-03,1154.2,897.9,815.1,2000
308,1,Cleaning,2025-11-04,1046.9,659.9,612.8,2000
309,1,Utilities,2025-11-05,895.7,661.5,659.6,2000
310,1,Cooling,2025-11-06,1079.2,670.8,643.0,2000
311,1,Utilities,2025-11-07,1052.2,833.6,786.1,2000
312,1,Cleaning,2025-11-08,653.2,465.4,447.7,2000
313,1,Cooling,2025-11-09,676.8,427.9,418.1,2000
314,1,Production,2025-11-10,1049.8,709.7,602.0,2000
315,1,Cooling,2025-11-11,995.9,831.8,806.0,2000
316,1,Cleaning,2025-11-12,949.0,796.3,633.3,2000
317,1,Production,2025-11-13,1044.9,671.0,819.0,2000
318,1,Cleaning,2025-11-14,2109.2,1553.3,786.6,2000
319,1,Cleaning,2025-11-15,654.9,518.5,403.7,2000
320,1,Utilities,2025-11-16,699.6,515.2,441.4,2000
321,1,Cooling,2025-11-17,1139.6,878.9,639.7,2000
322,1,Production,2025-11-18,937.0,659.6,686.2,2000
323,1,Cooling,2025-11-19,985.4,768.2,761.3,2000
324,1,Utilities,2025-11-20,928.5,643.1,713.2,2000
325,1,Utilities,2025-11-21,925.9,659.6,596.1,2000
326,1,Utilities,2025-11-22,694.9,489.6,494.9,2000
327,1,Cleaning,2025-11-23,708.0,552.4,365.8,2000
328,1,Utilities,2025-11-24,1043.7,706.7,563.3,2000
329,1,Utilities,2025-11-25,1190.3,778.2,655.1,2000
330,1,Utilities,2025-11-26,1074.7,871.3,744.1,2000
331,1,Production,2025-11-27,1152.9,815.9,802.6,2000
332,1,Utilities,2025-11-28,1002.1,701.6,715.6,2000
333,1,Cleaning,2025-11-29,546.3,396.6,461.8,2000
334,1,Production,2025-11-30,556.7,347.5,396.5,2000
335,1,Cleaning,2025-12-01,1194.9,776.4,742.7,2000
336,1,Production,2025-12-02,956.5,744.5,830.0,2000
337,1,Cooling,2025-12-03,1145.4,834.9,689.1,2000
338,1,Cooling,2025-12-04,1074.4,810.2,841.4,2000
339,1,Utilities,2025-12-05,1179.5,796.1,833.5,2000
340,1,Production,2025-12-06,761.9,568.3,496.7,2000
341,1,Production,2025-12-07,685.4,456.7,471.6,2000
342,1,Cooling,2025-12-08,1183.7,882.9,642.5,2000
343,1,Utilities,2025-12-09,992.7,764.6,601.3,2000
344,1,Production,2025-12-10,1007.0,715.2,716.0,2000
345,1,Cooling,2025-12-11,1080.2,857.4,864.5,2000
346,1,Production,2025-12-12,1178.5,859.9,758.0,2000
347,1,Utilities,2025-12-13,671.1,455.3,386.0,2000
348,1,Cleaning,2025-12-14,675.2,519.2,509.3,2000
349,1,Cleaning,2025-12-15,1146.7,743.1,665.0,2000
350,1,Cooling,2025-12-16,1257.0,1062.9,820.3,2000
351,1,Utilities,2025-12-17,1049.1,720.9,868.4,2000
352,1,Cleaning,2025-12-18,1039.3,772.6,752.8,2000
353,1,Utilities,2025-12-19,1216.0,1019.8,830.2,2000
354,1,Cleaning,2025-12-20,757.0,469.2,519.3,2000
355,1,Utilities,2025-12-21,608.9,491.4,403.4,2000
356,1,Cleaning,2025-12-22,989.2,745.8,765.7,2000
357,1,Cooling,2025-12-23,1155.9,708.7,714.3,2000
358,1,Production,2025-12-24,1170.3,742.4,877.5,2000
359,1,Cooling,2025-12-25,1079.0,899.6,852.0,2000
360,1,Cooling,2025-12-26,1195.2,802.9,676.5,2000
361,1,Production,2025-12-27,696.4,458.3,486.4,2000
362,1,Production,2025-12-28,748.6,481.9,511.9,2000
363,1,Production,2025-12-29,1275.6,892.0,738.6,2000
364,1,Cleaning,2025-12-30,1235.5,744.2,760.1,2000
365,1,Cleaning,2025-12-31,1038.3,879.7,752.8,2000
366,2,Cooling,2025-01-01,3316.0,2377.6,877.1,4500
367,2,Cooling,2025-01-02,6531.4,4027.7,1087.4,4500
368,2,Cooling,2025-01-03,2707.9,2204.3,1158.8,4500
369,2,Cleaning,2025-01-04,1576.8,1209.9,524.3,4500
370,2,Cleaning,2025-01-05,2035.3,1224.7,572.1,4500
371,2,Cleaning,2025-01-06,7695.2,4251.3,1089.2,4500
372,2,Production,2025-01-07,3151.0,2257.2,863.9,4500
373,2,Cleaning,2025-01-08,3171.3,2409.2,1176.3,4500
374,2,Cooling,2025-01-09,2747.2,1740.1,861.3,4500
375,2,Cleaning,2025-01-10,2924.3,2156.1,988.3,4500
376,2,Cooling,2025-01-11,1941.4,1495.0,623.0,4500
377,2,Utilities,2025-01-12,1815.2,1253.3,700.1,4500
378,2,Cooling,2025-01-13,3065.4,1954.1,931.2,4500
379,2,Production,2025-01-14,3162.3,2464.2,995.5,4500
380,2,Utilities,2025-01-15,3277.8,2338.2,1005.3,4500
381,2,Production,2025-01-16,6039.0,3521.3,923.3,4500
382,2,Cooling,2025-01-17,3070.5,1877.1,937.8,4500
383,2,Production,2025-01-18,2034.7,1255.9,704.1,4500
384,2,Utilities,2025-01-19,1627.2,1031.4,634.0,4500
385,2,Utilities,2025-01-20,2887.0,2375.5,979.4,4500
386,2,Utilities,2025-01-21,2888.1,2225.8,1064.7,4500
387,2,Cleaning,2025-01-22,2656.8,2253.5,957.2,4500
388,2,Cooling,2025-01-23,3301.3,2604.9,1191.4,4500
389,2,Utilities,2025-01-24,3028.7,2440.6,899.0,4500
390,2,Cleaning,2025-01-25,1631.8,1336.1,663.7,4500
391,2,Utilities,2025-01-26,1862.1,1553.1,693.4,4500
392,2,Production,2025-01-27,2640.8,1606.6,1039.1,4500
393,2,Production,2025-01-28,2770.3,1692.8,975.6,4500
394,2,Production,2025-01-29,2676.1,2270.3,893.7,4500
395,2,Cleaning,2025-01-30,3069.7,2434.7,1127.4,4500
396,2,Cooling,2025-01-31,3437.1,2510.2,965.4,4500
397,2,Cooling,2025-02-01,2008.1,1419.3,643.9,4500
398,2,Utilities,2025-02-02,2100.9,1427.9,623.4,4500
399,2,Utilities,2025-02-03,2919.2,2144.1,963.6,4500
400,2,Cooling,2025-02-04,3520.8,2917.6,1101.8,4500
401,2,Cooling,2025-02-05,3117.0,2068.9,1002.0,4500
402,2,Utilities,2025-02-06,3560.9,2218.9,1171.6,4500
403,2,Cleaning,2025-02-07,3106.2,2333.5,877.0,4500
404,2,Cooling,2025-02-08,1923.0,1571.8,601.9,4500
405,2,Production,2025-02-09,1767.7,1144.6,707.3,4500
406,2,Utilities,2025-02-10,3626.0,2806.2,1162.6,4500
407,2,Cooling,2025-02-11,3275.4,2600.3,1023.7,4500
408,2,Cleaning,2025-02-12,3039.6,2097.1,1239.6,4500
409,2,Utilities,2025-02-13,3478.1,2365.3,947.3,4500
410,2,Production,2025-02-14,3285.5,2153.0,922.7,4500
411,2,Utilities,2025-02-15,1816.1,1178.7,575.3,4500
412,2,Cooling,2025-02-16,1934.6,1477.4,692.7,4500
413,2,Utilities,2025-02-17,3676.3,2795.5,1071.0,4500
414,2,Cleaning,2025-02-18,2905.0,2266.1,1070.0,4500
415,2,Production,2025-02-19,3248.2,2630.3,892.0,4500
416,2,Production,2025-02-20,3480.7,2447.3,1222.3,4500
417,2,Cooling,2025-02-21,2750.1,1997.8,1020.5,4500
418,2,Utilities,2025-02-22,2027.5,1224.5,653.3,4500
419,2,Production,2025-02-23,4624.9,2397.9,768.2,4500
420,2,Cooling,2025-02-24,2844.8,1775.4,924.0,4500
421,2,Cleaning,2025-02-25,3530.0,2353.9,1030.7,4500
422,2,Utilities,2025-02-26,3185.3,2104.9,1159.8,4500
423,2,Production,2025-02-27,3373.7,2748.1,1186.6,4500
424,2,Utilities,2025-02-28,3106.2,2233.4,1133.8,4500
425,2,Production,2025-03-01,2033.7,1440.8,755.1,4500
426,2,Production,2025-03-02,2274.7,1887.5,604.7,4500
427,2,Utilities,2025-03-03,3156.9,2623.5,1213.3,4500
428,2,Production,2025-03-04,3063.6,2489.5,911.0,4500
429,2,Cooling,2025-03-05,3646.2,2837.4,1083.9,4500
430,2,Cooling,2025-03-06,3454.8,2562.3,1287.8,4500
431,2,Cleaning,2025-03-07,3271.6,2568.0,1261.2,4500
432,2,Production,2025-03-08,2034.3,1716.1,556.9,4500
433,2,Production,2025-03-09,1936.6,1534.3,801.3,4500
434,2,Cleaning,2025-03-10,2911.4,1945.8,1352.5,4500
435,2,Cleaning,2025-03-11,3443.6,2389.4,987.9,4500
436,2,Utilities,2025-03-12,2968.4,2240.1,1264.6,4500
437,2,Production,2025-03-13,3153.8,2191.9,1258.2,4500
438,2,Utilities,2025-03-14,3203.3,2007.3,906.3,4500
439,2,Cleaning,2025-03-15,2193.3,1372.0,566.0,4500
440,2,Utilities,2025-03-16,1791.8,1115.2,692.6,4500
441,2,Cleaning,2025-03-17,3759.6,2267.4,1090.9,4500
442,2,Cooling,2025-03-18,3462.9,2224.6,1076.0,4500
443,2,Cleaning,2025-03-19,3154.2,2007.6,979.5,4500
444,2,Cleaning,2025-03-20,3373.7,2089.1,1017.7,4500
445,2,Utilities,2025-03-21,3485.1,2261.4,952.3,4500
446,2,Utilities,2025-03-22,1931.5,1458.4,760.4,4500
447,2,Cleaning,2025-03-23,1991.5,1604.9,718.9,4500
448,2,Cleaning,2025-03-24,3207.3,2683.9,994.7,4500
449,2,Utilities,2025-03-25,3866.4,2601.6,1218.0,4500
450,2,Cooling,2025-03-26,3212.7,2152.8,1259.1,4500
451,2,Cooling,2025-03-27,3483.5,2565.3,1212.0,4500
452,2,Utilities,2025-03-28,3840.2,2505.4,1264.4,4500
453,2,Production,2025-03-29,2228.4,1780.3,653.3,4500
454,2,Cleaning,2025-03-30,1876.4,1434.8,736.3,4500
455,2,Production,2025-03-31,3337.9,2501.7,1167.1,4500
456,2,Utilities,2025-04-01,3495.2,2788.1,1085.4,4500
457,2,Production,2025-04-02,3045.7,2016.4,1225.8,4500
458,2,Production,2025-04-03,3515.4,2676.1,1217.5,4500
459,2,Cleaning,2025-04-04,3932.0,2782.3,924.9,4500
460,2,Cooling,2025-04-05,2036.3,1420.9,765.2,4500
461,2,Cooling,2025-04-06,1973.7,1196.3,580.9,4500
462,2,Production,2025-04-07,3052.6,2549.4,985.2,4500
463,2,Utilities,2025-04-08,3744.2,2734.3,1080.2,4500
464,2,Utilities,2025-04-09,3262.6,2202.5,1292.7,4500
465,2,Cleaning,2025-04-10,3603.1,2771.8,995.6,4500
466,2,Cooling,2025-04-11,3466.6,2558.3,1072.3,4500
467,2,Utilities,2025-04-12,1903.5,1334.9,602.9,4500
468,2,Utilities,2025-04-13,2005.2,1572.8,795.7,4500
469,2,Utilities,2025-04-14,3334.9,2588.5,1014.7,4500
470,2,Production,2025-04-15,3530.1,2823.6,1167.0,4500
471,2,Cooling,2025-04-16,3406.1,2267.1,1316.8,4500
472,2,Cleaning,2025-04-17,3550.4,2672.8,1190.0,4500
473,2,Utilities,2025-04-18,3571.5,2869.5,1244.8,4500
474,2,Production,2025-04-19,2176.9,1476.6,617.8,4500
475,2,Cleaning,2025-04-20,2190.1,1593.7,667.4,4500
476,2,Utilities,2025-04-21,3370.3,2432.2,1167.2,4500
477,2,Cooling,2025-04-22,3506.8,2533.3,984.5,4500
478,2,Utilities,2025-04-23,3573.6,2917.4,1357.8,4500
479,2,Cooling,2025-04-24,3776.2,3175.6,1152.5,4500
480,2,Utilities,2025-04-25,3362.7,2723.7,1144.8,4500
481,2,Production,2025-04-26,2253.7,1476.5,561.0,4500
482,2,Cleaning,2025-04-27,1864.0,1331.5,756.9,4500
483,2,Production,2025-04-28,3525.3,2351.3,1169.8,4500
484,2,Production,2025-04-29,3719.1,2641.8,1020.5,4500
485,2,Cooling,2025-04-30,3240.6,2754.0,1126.9,4500
486,2,Production,2025-05-01,3327.8,2823.6,1254.5,4500
487,2,Cleaning,2025-05-02,3756.9,2827.3,1097.4,4500
488,2,Cooling,2025-05-03,2225.1,1783.1,696.9,4500
489,2,Cooling,2025-05-04,1926.2,1494.8,620.8,4500
490,2,Production,2025-05-05,3019.1,2377.6,1089.9,4500
491,2,Cleaning,2025-05-06,3763.0,2377.2,1295.4,4500
492,2,Cleaning,2025-05-07,3723.7,2943.1,1209.6,4500
493,2,Cleaning,2025-05-08,3519.7,2441.9,938.1,4500
494,2,Production,2025-05-09,3290.9,2591.4,1217.9,4500
495,2,Utilities,2025-05-10,2308.5,1574.0,543.0,4500
496,2,Production,2025-05-11,2174.7,1554.1,722.5,4500
497,2,Production,2025-05-12,3690.4,2581.2,1341.5,4500
498,2,Utilities,2025-05-13,3154.3,2545.8,1056.6,4500
499,2,Utilities,2025-05-14,3682.9,3033.0,1248.4,4500
500,2,Utilities,2025-05-15,2897.8,2412.0,975.3,4500
501,2,Utilities,2025-05-16,3087.0,2383.6,963.5,4500
502,2,Cooling,2025-05-17,2262.3,1853.2,567.7,4500
503,2,Production,2025-05-18,1955.6,1615.2,587.2,4500
504,2,Cleaning,2025-05-19,3619.5,2855.1,1097.9,4500
505,2,Production,2025-05-20,2882.4,2073.0,963.9,4500
506,2,Utilities,2025-05-21,2890.7,2237.1,1273.2,4500
507,2,Utilities,2025-05-22,3587.0,2580.6,1007.4,4500
508,2,Production,2025-05-23,2986.2,2066.1,1039.2,4500
509,2,Cooling,2025-05-24,2120.2,1631.0,560.9,4500
510,2,Cooling,2025-05-25,1997.3,1559.1,712.7,4500
511,2,Utilities,2025-05-26,3507.8,2492.6,1002.1,4500
512,2,Cooling,2025-05-27,3646.4,2725.3,1077.5,4500
513,2,Cleaning,2025-05-28,3685.7,2439.7,1195.3,4500
514,2,Cleaning,2025-05-29,3673.4,2838.1,1287.1,4500
515,2,Cleaning,2025-05-30,3090.2,2323.0,989.2,4500
516,2,Production,2025-05-31,2207.0,1762.2,607.3,4500
517,2,Cooling,2025-06-01,1934.8,1448.2,652.3,4500
518,2,Cleaning,2025-06-02,3644.8,2307.1,1230.2,4500
519,2,Cleaning,2025-06-03,3269.8,2103.1,1062.5,4500
520,2,Production,2025-06-04,2757.4,1701.0,972.7,4500
521,2,Production,2025-06-05,3659.1,2559.5,983.2,4500
522,2,Utilities,2025-06-06,3151.1,2207.6,1135.4,4500
523,2,Cooling,2025-06-07,1805.8,1223.4,647.9,4500
524,2,Cooling,2025-06-08,1956.1,1364.7,679.6,4500
525,2,Production,2025-06-09,3041.3,2157.4,1270.0,4500
526,2,Cooling,2025-06-10,2824.7,2001.6,1054.9,4500
527,2,Cleaning,2025-06-11,6419.5,3897.3,935.5,4500
528,2,Utilities,2025-06-12,3663.3,2677.0,1196.7,4500
529,2,Cooling,2025-06-13,3101.0,2441.9,1235.6,4500
530,2,Production,2025-06-14,2092.6,1270.9,724.2,4500
531,2,Production,2025-06-15,1797.4,1516.6,677.9,4500
532,2,Cleaning,2025-06-16,2794.9,2277.4,931.8,4500
533,2,Production,2025-06-17,3606.5,2771.7,909.6,4500
534,2,Production,2025-06-18,2783.9,2270.9,965.2,4500
535,2,Utilities,2025-06-19,3631.6,2341.4,1272.9,4500
536,2,Utilities,2025-06-20,2958.5,1958.7,1253.8,4500
537,2,Production,2025-06-21,1976.5,1244.9,689.7,4500
538,2,Cooling,2025-06-22,2111.7,1785.1,762.2,4500
539,2,Utilities,2025-06-23,3579.1,2839.6,993.6,4500
540,2,Utilities,2025-06-24,2749.0,1787.3,1102.4,4500
541,2,Cooling,2025-06-25,3190.1,2385.9,1072.1,4500
542,2,Cooling,2025-06-26,3449.9,2541.3,1202.3,4500
543,2,Utilities,2025-06-27,2764.4,2032.9,1133.5,4500
544,2,Production,2025-06-28,2196.8,1318.9,685.6,4500
545,2,Cleaning,2025-06-29,1705.1,1248.9,577.4,4500
546,2,Production,2025-06-30,3682.2,2340.4,980.3,4500
547,2,Cooling,2025-07-01,3357.6,2450.8,1080.3,4500
548,2,Production,2025-07-02,3072.7,2231.9,1054.9,4500
549,2,Production,2025-07-03,2941.5,2474.0,894.7,4500
550,2,Cleaning,2025-07-04,3383.4,2362.4,1132.8,4500
551,2,Utilities,2025-07-05,1676.9,1037.5,528.7,4500
552,2,Production,2025-07-06,1613.9,1034.7,591.9,4500
553,2,Cleaning,2025-07-07,3418.2,2228.4,923.3,4500
554,2,Production,2025-07-08,2631.4,2110.1,921.7,4500
555,2,Production,2025-07-09,2743.5,2233.6,859.3,4500
556,2,Cleaning,2025-07-10,2906.6,1779.5,919.5,4500
557,2,Cooling,2025-07-11,2578.0,1807.4,980.9,4500
558,2,Cooling,2025-07-12,1581.2,989.0,670.5,4500
559,2,Production,2025-07-13,1978.4,1673.0,511.4,4500
560,2,Cleaning,2025-07-14,3167.7,2643.1,833.6,4500
561,2,Production,2025-07-15,2569.6,1583.2,1161.0,4500
562,2,Cooling,2025-07-16,2632.8,2137.4,1123.6,4500
563,2,Utilities,2025-07-17,2595.6,2157.0,973.3,4500
564,2,Utilities,2025-07-18,2576.5,1986.0,869.1,4500
565,2,Cooling,2025-07-19,1678.5,1194.3,515.7,4500
566,2,Cooling,2025-07-20,1879.5,1362.1,691.9,4500
567,2,Production,2025-07-21,2801.8,1777.2,879.8,4500
568,2,Cooling,2025-07-22,3117.7,2495.8,1117.9,4500
569,2,Cleaning,2025-07-23,2981.7,2371.5,937.6,4500
570,2,Cleaning,2025-07-24,2899.5,1870.0,927.6,4500
571,2,Cleaning,2025-07-25,2602.7,2206.8,1011.8,4500
572,2,Cooling,2025-07-26,2055.9,1285.0,637.6,4500
573,2,Production,2025-07-27,1942.6,1625.9,618.2,4500
574,2,Utilities,2025-07-28,2869.3,2323.6,1138.1,4500
575,2,Cleaning,2025-07-29,7502.4,5006.7,1165.6,4500
576,2,Cooling,2025-07-30,3056.8,1977.9,1195.2,4500
577,2,Utilities,2025-07-31,3037.9,1956.1,815.2,4500
578,2,Cooling,2025-08-01,2375.3,1709.0,862.7,4500
579,2,Cooling,2025-08-02,1585.5,1021.6,622.1,4500
580,2,Production,2025-08-03,1426.2,1064.9,647.6,4500
581,2,Cleaning,2025-08-04,3158.4,2190.0,1088.5,4500
582,2,Production,2025-08-05,2638.9,1796.2,1101.1,4500
583,2,Utilities,2025-08-06,3018.0,2535.6,980.2,4500
584,2,Cleaning,2025-08-07,2544.6,1901.4,804.9,4500
585,2,Cleaning,2025-08-08,2464.8,1928.0,1091.1,4500
586,2,Utilities,2025-08-09,1840.2,1458.7,570.0,4500
587,2,Cleaning,2025-08-10,1875.3,1578.8,493.0,4500
588,2,Utilities,2025-08-11,2475.8,1946.8,828.1,4500
589,2,Cooling,2025-08-12,2888.4,2428.5,1044.0,4500
590,2,Cleaning,2025-08-13,2730.6,1819.4,832.3,4500
591,2,Cleaning,2025-08-14,3013.9,2351.2,757.8,4500
592,2,Utilities,2025-08-15,3165.5,2599.3,922.4,4500
593,2,Utilities,2025-08-16,1465.9,1055.3,635.8,4500
594,2,Cooling,2025-08-17,1496.5,925.5,631.8,4500
595,2,Cleaning,2025-08-18,2576.1,1613.1,866.5,4500
596,2,Cooling,2025-08-19,2968.1,2186.8,1072.3,4500
597,2,Utilities,2025-08-20,2945.3,2084.8,981.8,4500
598,2,Utilities,2025-08-21,2489.5,1556.7,816.1,4500
599,2,Cleaning,2025-08-22,2908.7,1961.5,775.5,4500
600,2,Utilities,2025-08-23,1492.0,1029.8,538.9,4500
601,2,Utilities,2025-08-24,1515.0,918.7,481.9,4500
602,2,Production,2025-08-25,2753.0,1731.3,1030.4,4500
603,2,Cleaning,2025-08-26,2434.6,1791.9,808.4,4500
604,2,Cleaning,2025-08-27,2514.1,1536.5,902.7,4500
605,2,Cleaning,2025-08-28,2828.5,1804.0,997.7,4500
606,2,Cleaning,2025-08-29,3031.6,2132.7,1019.9,4500
607,2,Production,2025-08-30,1835.2,1476.6,536.9,4500
608,2,Utilities,2025-08-31,1701.3,1121.0,510.3,4500
609,2,Production,2025-09-01,2611.9,2155.1,974.7,4500
610,2,Cooling,2025-09-02,2312.9,1825.6,756.2,4500
611,2,Cooling,2025-09-03,2851.8,1801.0,843.4,4500
612,2,Utilities,2025-09-04,2376.9,1914.9,747.5,4500
613,2,Cleaning,2025-09-05,2932.0,2429.3,719.4,4500
614,2,Utilities,2025-09-06,1590.6,1295.0,526.2,4500
615,2,Production,2025-09-07,1700.8,1285.4,526.8,4500
616,2,Utilities,2025-09-08,2335.9,1732.4,898.9,4500
617,2,Production,2025-09-09,2943.0,2179.8,731.2,4500
618,2,Cleaning,2025-09-10,2906.2,1935.6,924.0,4500
619,2,Utilities,2025-09-11,2248.1,1503.6,746.1,4500
620,2,Utilities,2025-09-12,2249.1,1849.6,811.4,4500
621,2,Utilities,2025-09-13,1763.9,1453.9,421.9,4500
622,2,Cleaning,2025-09-14,1477.3,1197.7,596.9,4500
623,2,Cooling,2025-09-15,2324.0,1960.4,850.3,4500
624,2,Cleaning,2025-09-16,2789.5,2095.6,727.2,4500
625,2,Utilities,2025-09-17,2799.0,2210.9,997.9,4500
626,2,Cooling,2025-09-18,2270.1,1764.8,836.5,4500
627,2,Production,2025-09-19,2354.8,1928.1,765.9,4500
628,2,Production,2025-09-20,1545.7,1282.2,564.8,4500
629,2,Utilities,2025-09-21,1568.6,1190.3,443.5,4500
630,2,Cleaning,2025-09-22,2601.5,1851.0,1030.4,4500
631,2,Cleaning,2025-09-23,2488.3,2014.1,786.1,4500
632,2,Production,2025-09-24,2442.0,1701.2,752.8,4500
633,2,Cooling,2025-09-25,2889.9,2201.7,931.9,4500
634,2,Utilities,2025-09-26,2620.7,2138.9,1032.7,4500
635,2,Utilities,2025-09-27,3478.0,2550.4,543.2,4500
636,2,Cleaning,2025-09-28,1666.1,1295.1,475.2,4500
637,2,Cleaning,2025-09-29,2578.2,1687.6,801.2,4500
638,2,Utilities,2025-09-30,2676.4,1610.8,1043.9,4500
639,2,Cleaning,2025-10-01,2597.0,1943.7,776.1,4500
640,2,Utilities,2025-10-02,2216.3,1877.4,897.8,4500
641,2,Cleaning,2025-10-03,2669.4,2237.1,901.5,4500
642,2,Cooling,2025-10-04,1713.5,1373.1,571.7,4500
643,2,Cleaning,2025-10-05,1613.0,1258.7,541.7,4500
644,2,Cleaning,2025-10-06,2861.3,2006.2,930.5,4500
645,2,Cooling,2025-10-07,2430.0,1891.4,913.3,4500
646,2,Utilities,2025-10-08,2861.0,2197.2,852.5,4500
647,2,Cooling,2025-10-09,2392.2,1716.9,931.9,4500
648,2,Cooling,2025-10-10,2891.9,2385.5,902.5,4500
649,2,Cooling,2025-10-11,1642.1,1111.3,568.8,4500
650,2,Cleaning,2025-10-12,1569.3,1123.5,432.0,4500
651,2,Production,2025-10-13,2528.7,1640.2,720.7,4500
652,2,Cleaning,2025-10-14,2483.5,2030.8,731.3,4500
653,2,Cleaning,2025-10-15,2480.5,1841.4,988.3,4500
654,2,Cleaning,2025-10-16,2827.2,1823.8,707.5,4500
655,2,Cooling,2025-10-17,2407.3,1479.3,833.7,4500
656,2,Cooling,2025-10-18,1565.0,1001.0,568.2,4500
657,2,Cooling,2025-10-19,1582.5,1200.1,490.3,4500
658,2,Utilities,2025-10-20,2171.1,1592.4,928.4,4500
659,2,Cleaning,2025-10-21,6354.1,3246.4,686.1,4500
660,2,Cleaning,2025-10-22,2406.3,1505.6,851.1,4500
661,2,Production,2025-10-23,2797.7,1887.2,778.9,4500
662,2,Cleaning,2025-10-24,2499.3,1928.7,725.5,4500
663,2,Utilities,2025-10-25,1465.4,948.3,601.4,4500
664,2,Utilities,2025-10-26,1309.3,859.0,608.9,4500
665,2,Production,2025-10-27,2618.6,1681.8,804.6,4500
666,2,Production,2025-10-28,2454.5,1865.6,942.2,4500
667,2,Production,2025-10-29,2673.9,2041.2,686.7,4500
668,2,Utilities,2025-10-30,2507.4,1581.9,765.9,4500
669,2,Cooling,2025-10-31,2699.3,2044.9,782.4,4500
670,2,Cleaning,2025-11-01,1623.9,1258.8,505.1,4500
671,2,Production,2025-11-02,1464.1,1165.7,521.6,4500
672,2,Cleaning,2025-11-03,2869.9,2420.1,820.6,4500
673,2,Cooling,2025-11-04,2249.6,1628.9,768.4,4500
674,2,Cleaning,2025-11-05,2402.4,1449.1,727.1,4500
675,2,Utilities,2025-11-06,2335.5,1453.9,874.2,4500
676,2,Production,2025-11-07,2927.3,2227.9,855.0,4500
677,2,Cleaning,2025-11-08,1549.4,968.3,454.1,4500
678,2,Cleaning,2025-11-09,1500.5,1154.2,506.6,4500
679,2,Production,2025-11-10,2226.3,1412.8,921.3,4500
680,2,Utilities,2025-11-11,2966.7,1979.0,951.2,4500
681,2,Cleaning,2025-11-12,2361.9,1653.8,1031.0,4500
682,2,Utilities,2025-11-13,2759.0,1985.3,842.9,4500
683,2,Cooling,2025-11-14,2307.3,1785.9,716.5,4500
684,2,Cooling,2025-11-15,1380.0,1142.4,518.4,4500
685,2,Utilities,2025-11-16,3228.2,1889.1,492.5,4500
686,2,Cooling,2025-11-17,2597.0,1875.1,1005.0,4500
687,2,Production,2025-11-18,2423.6,1644.6,941.3,4500
688,2,Cooling,2025-11-19,2984.5,2290.5,813.8,4500
689,2,Production,2025-11-20,2557.7,1999.3,863.8,4500
690,2,Utilities,2025-11-21,2335.2,1883.6,1006.5,4500
691,2,Production,2025-11-22,1633.5,1044.2,594.9,4500
692,2,Cooling,2025-11-23,1366.4,987.8,467.9,4500
693,2,Production,2025-11-24,2615.7,1929.4,827.9,4500
694,2,Production,2025-11-25,2578.3,2063.5,852.0,4500
695,2,Utilities,2025-11-26,5135.6,3163.9,955.4,4500
696,2,Production,2025-11-27,2865.5,2286.5,1031.3,4500
697,2,Cooling,2025-11-28,2731.4,1950.4,814.7,4500
698,2,Cooling,2025-11-29,1728.0,1180.2,577.9,4500
699,2,Cleaning,2025-11-30,1667.6,1048.1,576.2,4500
700,2,Cleaning,2025-12-01,2654.4,2013.1,1036.0,4500
701,2,Cleaning,2025-12-02,2943.2,1799.6,800.7,4500
702,2,Utilities,2025-12-03,2447.8,1842.5,809.4,4500
703,2,Utilities,2025-12-04,2538.2,2046.1,810.5,4500
704,2,Utilities,2025-12-05,2397.5,1818.0,988.7,4500
705,2,Utilities,2025-12-06,1643.7,1228.4,555.9,4500
706,2,Production,2025-12-07,1680.2,1028.5,651.6,4500
707,2,Utilities,2025-12-08,3128.3,2487.8,1076.8,4500
708,2,Cooling,2025-12-09,2966.9,1875.4,883.3,4500
709,2,Cleaning,2025-12-10,2778.4,1934.2,1102.4,4500
710,2,Cooling,2025-12-11,2586.5,2175.0,1099.1,4500
711,2,Cooling,2025-12-12,2473.8,1856.9,1068.0,4500
712,2,Cleaning,2025-12-13,1770.8,1476.6,584.4,4500
713,2,Cleaning,2025-12-14,1758.2,1459.8,473.5,4500
714,2,Cooling,2025-12-15,2778.2,2149.2,859.3,4500
715,2,Cleaning,2025-12-16,2826.8,2107.9,1088.8,4500
716,2,Cleaning,2025-12-17,3089.2,2179.7,744.7,4500
717,2,Utilities,2025-12-18,2479.7,1903.3,814.0,4500
718,2,Cooling,2025-12-19,3177.5,2449.4,794.2,4500
719,2,Cleaning,2025-12-20,1517.1,1115.5,523.6,4500
720,2,Cooling,2025-12-21,1786.1,1322.3,496.7,4500
721,2,Cleaning,2025-12-22,2935.6,1795.8,881.2,4500
722,2,Cleaning,2025-12-23,3162.8,1940.2,1015.2,4500
723,2,Utilities,2025-12-24,3049.7,2524.8,1000.7,4500
724,2,Cooling,2025-12-25,3004.9,2527.3,848.8,4500
725,2,Production,2025-12-26,2514.4,1617.9,930.1,4500
726,2,Utilities,2025-12-27,1554.7,1035.5,479.7,4500
727,2,Production,2025-12-28,1580.4,1228.6,478.4,4500
728,2,Cleaning,2025-12-29,2855.7,2265.8,971.4,4500
729,2,Cleaning,2025-12-30,2767.1,2056.4,872.5,4500
730,2,Cleaning,2025-12-31,2796.1,2346.6,932.6,4500
731,3,Cooling,2025-01-01,828.6,608.4,585.7,1500
732,3,Cooling,2025-01-02,891.7,608.8,642.2,1500
733,3,Utilities,2025-01-03,2215.2,1356.0,834.7,1500
734,3,Cooling,2025-01-04,580.2,447.1,389.9,1500
735,3,Production,2025-01-05,492.5,362.0,383.5,1500
736,3,Cleaning,2025-01-06,853.6,620.7,696.3,1500
737,3,Cooling,2025-01-07,804.2,499.1,586.9,1500
738,3,Production,2025-01-08,882.4,575.9,736.3,1500
739,3,Utilities,2025-01-09,935.6,609.4,792.0,1500
740,3,Utilities,2025-01-10,887.4,740.9,769.1,1500
741,3,Utilities,2025-01-11,543.2,331.1,348.3,1500
742,3,Cleaning,2025-01-12,518.9,385.9,374.2,1500
743,3,Utilities,2025-01-13,837.5,587.2,648.6,1500
744,3,Production,2025-01-14,858.9,653.1,733.1,1500
745,3,Production,2025-01-15,901.2,557.1,819.9,1500
746,3,Cleaning,2025-01-16,877.2,588.1,819.5,1500
747,3,Production,2025-01-17,843.4,618.5,598.2,1500
748,3,Cleaning,2025-01-18,580.4,369.1,449.8,1500
749,3,Cleaning,2025-01-19,580.0,349.6,483.0,1500
750,3,Production,2025-01-20,723.8,542.2,710.4,1500
751,3,Cleaning,2025-01-21,776.1,609.5,763.3,1500
752,3,Cooling,2025-01-22,763.5,500.2,793.7,1500
753,3,Cooling,2025-01-23,893.6,662.9,575.2,1500
754,3,Utilities,2025-01-24,886.9,548.4,748.1,1500
755,3,Cooling,2025-01-25,544.5,393.0,391.6,1500
756,3,Cooling,2025-01-26,448.8,338.8,487.2,1500
757,3,Utilities,2025-01-27,806.2,616.6,754.2,1500
758,3,Cleaning,2025-01-28,928.5,779.6,607.2,1500
759,3,Cooling,2025-01-29,904.1,687.3,637.5,1500
760,3,Cleaning,2025-01-30,946.4,677.3,660.4,1500
761,3,Production,2025-01-31,767.3,576.7,795.7,1500
762,3,Cooling,2025-02-01,612.6,397.6,493.7,1500
763,3,Production,2025-02-02,612.7,497.8,475.3,1500
764,3,Utilities,2025-02-03,987.5,645.0,613.0,1500
765,3,Utilities,2025-02-04,955.9,609.1,720.1,1500
766,3,Cleaning,2025-02-05,813.4,589.9,629.3,1500
767,3,Production,2025-02-06,958.3,778.1,844.8,1500
768,3,Cooling,2025-02-07,984.3,625.1,649.9,1500
769,3,Cooling,2025-02-08,587.1,423.2,426.0,1500
770,3,Utilities,2025-02-09,504.1,335.8,403.5,1500
771,3,Cleaning,2025-02-10,883.1,732.5,867.3,1500
772,3,Cleaning,2025-02-11,805.0,677.9,792.7,1500
773,3,Cleaning,2025-02-12,935.3,694.5,715.4,1500
774,3,Production,2025-02-13,918.3,637.4,875.1,1500
775,3,Cleaning,2025-02-14,1000.7,686.7,840.6,1500
776,3,Production,2025-02-15,548.6,348.2,391.1,1500
777,3,Cleaning,2025-02-16,500.8,323.9,426.6,1500
778,3,Production,2025-02-17,957.9,674.0,701.4,1500
779,3,Utilities,2025-02-18,908.0,678.9,796.8,1500
780,3,Cooling,2025-02-19,788.5,586.1,650.5,1500
781,3,Production,2025-02-20,1020.9,650.0,652.1,1500
782,3,Utilities,2025-02-21,941.0,697.2,607.6,1500
783,3,Cleaning,2025-02-22,621.8,406.7,470.7,1500
784,3,Utilities,2025-02-23,494.1,399.0,469.7,1500
785,3,Cooling,2025-02-24,947.5,689.5,652.5,1500
786,3,Utilities,2025-02-25,940.2,580.3,715.8,1500
787,3,Production,2025-02-26,832.2,678.2,753.8,1500
788,3,Cooling,2025-02-27,942.7,607.4,873.4,1500
789,3,Production,2025-02-28,802.2,613.6,873.5,1500
790,3,Production,2025-03-01,644.9,511.9,502.9,1500
791,3,Cleaning,2025-03-02,641.0,496.4,461.1,1500
792,3,Utilities,2025-03-03,1043.8,725.8,819.1,1500
793,3,Production,2025-03-04,938.9,623.1,875.0,1500
794,3,Production,2025-03-05,898.0,735.6,762.0,1500
795,3,Production,2025-03-06,982.9,618.7,635.0,1500
796,3,Cleaning,2025-03-07,934.2,585.4,767.5,1500
797,3,Cleaning,2025-03-08,637.6,450.1,449.1,1500
798,3,Utilities,2025-03-09,620.3,436.3,528.4,1500
799,3,Cleaning,2025-03-10,977.4,704.6,945.5,1500
800,3,Utilities,2025-03-11,1028.4,836.9,841.3,1500
801,3,Utilities,2025-03-12,1042.0,872.5,664.5,1500
802,3,Cleaning,2025-03-13,1047.1,789.0,849.3,1500
803,3,Utilities,2025-03-14,1094.3,658.0,661.6,1500
804,3,Utilities,2025-03-15,505.1,336.3,450.0,1500
805,3,Utilities,2025-03-16,650.7,455.6,504.2,1500
806,3,Production,2025-03-17,1088.8,876.5,835.3,1500
807,3,Cooling,2025-03-18,1061.4,883.8,796.7,1500
808,3,Cooling,2025-03-19,993.6,763.6,746.6,1500
809,3,Cooling,2025-03-20,841.4,562.9,759.1,1500
810,3,Utilities,2025-03-21,985.2,718.6,865.9,1500
811,3,Production,2025-03-22,584.8,457.0,485.8,1500
812,3,Cleaning,2025-03-23,656.3,439.1,494.7,1500
813,3,Utilities,2025-03-24,982.0,653.3,761.6,1500
814,3,Production,2025-03-25,961.3,658.5,669.8,1500
815,3,Cleaning,2025-03-26,1068.8,858.6,814.6,1500
816,3,Utilities,2025-03-27,978.6,775.5,872.4,1500
817,3,Utilities,2025-03-28,1012.7,834.6,905.5,1500
818,3,Cleaning,2025-03-29,501.5,380.3,568.4,1500
819,3,Cooling,2025-03-30,628.1,441.6,446.7,1500
820,3,Cleaning,2025-03-31,887.9,553.4,845.9,1500
821,3,Production,2025-04-01,993.5,640.4,745.1,1500
822,3,Cleaning,2025-04-02,884.5,695.7,943.5,1500
823,3,Cooling,2025-04-03,899.7,594.3,729.5,1500
824,3,Cooling,2025-04-04,1076.1,741.4,894.8,1500
825,3,Production,2025-04-05,617.4,472.8,505.0,1500
826,3,Production,2025-04-06,647.7,448.7,447.3,1500
827,3,Cleaning,2025-04-07,974.8,824.8,939.0,1500
828,3,Cooling,2025-04-08,1050.9,664.2,813.3,1500
829,3,Production,2025-04-09,978.2,683.2,865.0,1500
830,3,Production,2025-04-10,2016.9,1325.9,865.9,1500
831,3,Cleaning,2025-04-11,936.9,764.0,704.3,1500
832,3,Cleaning,2025-04-12,581.5,438.0,457.1,1500
833,3,Cooling,2025-04-13,572.3,451.0,456.9,1500
834,3,Utilities,2025-04-14,883.6,559.1,829.4,1500
835,3,Production,2025-04-15,1042.3,834.9,822.8,1500
836,3,Cooling,2025-04-16,873.6,733.6,692.2,1500
837,3,Cooling,2025-04-17,954.5,604.8,931.6,1500
838,3,Cleaning,2025-04-18,1061.2,716.3,825.0,1500
839,3,Utilities,2025-04-19,515.9,330.6,428.0,1500
840,3,Production,2025-04-20,577.7,395.0,456.1,1500
841,3,Cleaning,2025-04-21,931.8,655.0,757.1,1500
842,3,Cooling,2025-04-22,1000.0,762.5,817.4,1500
843,3,Cleaning,2025-04-23,935.0,718.4,801.0,1500
844,3,Production,2025-04-24,942.6,633.1,847.4,1500
845,3,Cooling,2025-04-25,1018.7,847.7,779.8,1500
846,3,Utilities,2025-04-26,647.9,400.3,417.7,1500
847,3,Cleaning,2025-04-27,613.4,477.0,503.4,1500
848,3,Utilities,2025-04-28,1059.9,884.7,884.8,1500
849,3,Utilities,2025-04-29,952.3,615.2,651.4,1500
850,3,Cleaning,2025-04-30,1106.7,857.9,669.8,1500
851,3,Production,2025-05-01,843.9,704.0,782.4,1500
852,3,Utilities,2025-05-02,967.3,821.2,665.6,1500
853,3,Production,2025-05-03,603.0,495.3,438.4,1500
854,3,Cleaning,2025-05-04,566.4,357.7,479.6,1500
855,3,Production,2025-05-05,1007.5,821.2,735.6,1500
856,3,Cleaning,2025-05-06,974.4,617.6,932.8,1500
857,3,Utilities,2025-05-07,998.2,757.6,811.2,1500
858,3,Cleaning,2025-05-08,1078.2,776.7,704.6,1500
859,3,Cleaning,2025-05-09,2185.1,1179.2,728.8,1500
860,3,Cleaning,2025-05-10,539.4,395.8,510.2,1500
861,3,Utilities,2025-05-11,541.6,428.7,531.1,1500
862,3,Production,2025-05-12,974.3,630.5,911.8,1500
863,3,Cooling,2025-05-13,863.4,677.1,756.0,1500
864,3,Cleaning,2025-05-14,839.2,634.7,796.2,1500
865,3,Cleaning,2025-05-15,898.4,705.9,888.6,1500
866,3,Production,2025-05-16,868.9,584.2,834.2,1500
867,3,Cleaning,2025-05-17,610.9,441.7,440.5,1500
868,3,Production,2025-05-18,522.0,326.5,430.7,1500
869,3,Production,2025-05-19,883.4,563.3,788.9,1500
870,3,Cleaning,2025-05-20,1042.7,755.5,750.2,1500
871,3,Production,2025-05-21,911.5,739.1,933.8,1500
872,3,Utilities,2025-05-22,836.9,600.5,693.6,1500
873,3,Utilities,2025-05-23,1055.0,665.2,875.8,1500
874,3,Utilities,2025-05-24,532.5,451.9,417.5,1500
875,3,Production,2025-05-25,579.9,490.3,469.4,1500
876,3,Cleaning,2025-05-26,1086.1,694.7,863.1,1500
877,3,Production,2025-05-27,889.3,675.5,695.6,1500
878,3,Cooling,2025-05-28,2584.1,1295.5,770.1,1500
879,3,Utilities,2025-05-29,1043.7,628.6,646.0,1500
880,3,Utilities,2025-05-30,1014.7,648.1,876.6,1500
881,3,Utilities,2025-05-31,505.6,381.6,556.3,1500
882,3,Production,2025-06-01,475.8,362.2,487.9,1500
883,3,Cooling,2025-06-02,910.4,618.3,770.1,1500
884,3,Cleaning,2025-06-03,997.5,707.9,660.1,1500
885,3,Cleaning,2025-06-04,975.3,646.3,613.9,1500
886,3,Cleaning,2025-06-05,925.5,668.7,772.6,1500
887,3,Cleaning,2025-06-06,977.5,653.8,852.2,1500
888,3,Cooling,2025-06-07,477.3,304.9,414.6,1500
889,3,Cleaning,2025-06-08,540.7,429.3,452.6,1500
890,3,Production,2025-06-09,946.6,654.1,788.7,1500
891,3,Production,2025-06-10,957.1,703.2,718.6,1500
892,3,Utilities,2025-06-11,986.6,630.0,687.2,1500
893,3,Cleaning,2025-06-12,807.0,589.8,622.1,1500
894,3,Cooling,2025-06-13,825.7,501.9,634.2,1500
895,3,Production,2025-06-14,559.9,453.0,480.0,1500
896,3,Cleaning,2025-06-15,1159.0,567.7,490.8,1500
897,3,Production,2025-06-16,905.0,687.6,710.6,1500
898,3,Utilities,2025-06-17,1002.0,800.2,619.5,1500
899,3,Production,2025-06-18,978.0,790.8,625.5,1500
900,3,Production,2025-06-19,804.4,529.1,718.0,1500
901,3,Cooling,2025-06-20,932.9,780.7,770.1,1500
902,3,Production,2025-06-21,592.0,440.5,483.0,1500
903,3,Utilities,2025-06-22,611.2,392.2,393.8,1500
904,3,Cleaning,2025-06-23,956.9,701.9,782.6,1500
905,3,Cleaning,2025-06-24,927.5,787.6,856.3,1500
906,3,Utilities,2025-06-25,1003.2,683.0,674.5,1500
907,3,Utilities,2025-06-26,986.6,820.4,678.5,1500
908,3,Utilities,2025-06-27,1039.8,623.9,612.4,1500
909,3,Production,2025-06-28,551.1,467.5,415.7,1500
910,3,Cooling,2025-06-29,501.3,340.2,500.5,1500
911,3,Cleaning,2025-06-30,1028.6,748.6,773.8,1500
912,3,Production,2025-07-01,732.1,504.4,598.8,1500
913,3,Cooling,2025-07-02,781.9,627.7,585.7,1500
914,3,Cooling,2025-07-03,909.7,710.4,782.0,1500
915,3,Production,2025-07-04,874.3,590.2,764.6,1500
916,3,Production,2025-07-05,552.9,459.2,392.2,1500
917,3,Utilities,2025-07-06,497.2,406.2,482.1,1500
918,3,Production,2025-07-07,884.1,670.2,575.2,1500
919,3,Cleaning,2025-07-08,860.2,548.3,700.7,1500
920,3,Production,2025-07-09,894.3,759.6,831.9,1500
921,3,Production,2025-07-10,779.1,523.9,670.4,1500
922,3,Production,2025-07-11,843.8,663.5,713.5,1500
923,3,Utilities,2025-07-12,510.3,404.9,357.9,1500
924,3,Cooling,2025-07-13,508.1,387.7,368.9,1500
925,3,Cooling,2025-07-14,784.3,522.8,680.4,1500
926,3,Production,2025-07-15,751.2,528.4,662.3,1500
927,3,Cleaning,2025-07-16,873.9,529.6,645.3,1500
928,3,Utilities,2025-07-17,881.4,625.9,818.8,1500
929,3,Cleaning,2025-07-18,762.3,596.2,584.0,1500
930,3,Cooling,2025-07-19,578.7,481.3,482.0,1500
931,3,Production,2025-07-20,486.0,389.3,387.3,1500
932,3,Cleaning,2025-07-21,775.8,569.8,617.1,1500
933,3,Cleaning,2025-07-22,862.4,651.8,837.8,1500
934,3,Production,2025-07-23,818.5,676.5,707.5,1500
935,3,Production,2025-07-24,794.9,633.8,733.0,1500
936,3,Production,2025-07-25,739.5,565.8,745.6,1500
937,3,Cleaning,2025-07-26,565.7,342.1,481.7,1500
938,3,Cooling,2025-07-27,583.4,424.2,455.2,1500
939,3,Utilities,2025-07-28,943.5,691.5,612.2,1500
940,3,Utilities,2025-07-29,865.5,673.5,571.1,1500
941,3,Cleaning,2025-07-30,807.6,564.0,604.0,1500
942,3,Cleaning,2025-07-31,813.1,549.3,838.9,1500
943,3,Cleaning,2025-08-01,859.8,650.4,745.6,1500
944,3,Production,2025-08-02,534.6,447.6,345.9,1500
945,3,Utilities,2025-08-03,494.0,307.2,370.2,1500
946,3,Cooling,2025-08-04,766.8,569.9,628.5,1500
947,3,Cleaning,2025-08-05,774.3,490.1,687.0,1500
948,3,Cooling,2025-08-06,871.8,590.4,700.6,1500
949,3,Cooling,2025-08-07,769.8,636.8,717.4,1500
950,3,Cooling,2025-08-08,743.2,549.5,763.7,1500
951,3,Cleaning,2025-08-09,519.8,330.8,315.4,1500
952,3,Utilities,2025-08-10,537.0,362.9,426.7,1500
953,3,Cleaning,2025-08-11,1753.6,823.9,552.1,1500
954,3,Cooling,2025-08-12,809.0,532.1,524.8,1500
955,3,Utilities,2025-08-13,699.9,568.0,639.4,1500
956,3,Cooling,2025-08-14,869.3,628.4,553.6,1500
957,3,Production,2025-08-15,764.7,644.0,757.7,1500
958,3,Cooling,2025-08-16,506.1,428.7,428.6,1500
959,3,Utilities,2025-08-17,523.7,378.4,361.3,1500
960,3,Cooling,2025-08-18,769.2,610.8,675.5,1500
961,3,Cleaning,2025-08-19,761.3,635.5,666.1,1500
962,3,Production,2025-08-20,791.1,564.0,732.2,1500
963,3,Cooling,2025-08-21,790.7,552.6,708.4,1500
964,3,Production,2025-08-22,713.1,506.2,747.1,1500
965,3,Cleaning,2025-08-23,466.3,329.0,406.1,1500
966,3,Cooling,2025-08-24,466.6,355.3,324.9,1500
967,3,Cooling,2025-08-25,852.0,711.0,698.3,1500
968,3,Utilities,2025-08-26,744.6,451.4,635.5,1500
969,3,Cooling,2025-08-27,876.5,545.7,601.9,1500
970,3,Cooling,2025-08-28,837.8,528.6,547.6,1500
971,3,Cleaning,2025-08-29,688.4,534.8,706.3,1500
972,3,Cooling,2025-08-30,454.6,316.0,430.2,1500
973,3,Cooling,2025-08-31,423.9,269.7,430.3,1500
974,3,Cleaning,2025-09-01,697.3,552.4,596.0,1500
975,3,Production,2025-09-02,828.0,695.6,488.1,1500
976,3,Production,2025-09-03,1766.0,962.3,619.7,1500
977,3,Utilities,2025-09-04,1763.1,849.2,633.7,1500
978,3,Cooling,2025-09-05,639.5,407.4,646.4,1500
979,3,Production,2025-09-06,466.0,377.2,336.0,1500
980,3,Production,2025-09-07,391.7,332.3,315.9,1500
981,3,Cooling,2025-09-08,843.0,663.7,575.0,1500
982,3,Cleaning,2025-09-09,700.3,577.3,687.1,1500
983,3,Production,2025-09-10,693.6,439.5,656.5,1500
984,3,Utilities,2025-09-11,745.1,576.7,636.4,1500
985,3,Production,2025-09-12,736.0,568.3,714.8,1500
986,3,Cleaning,2025-09-13,434.0,352.4,330.3,1500
987,3,Cleaning,2025-09-14,500.6,377.2,364.9,1500
988,3,Utilities,2025-09-15,737.9,475.9,635.7,1500
989,3,Cooling,2025-09-16,629.0,381.2,639.6,1500
990,3,Cooling,2025-09-17,806.0,684.9,588.1,1500
991,3,Cooling,2025-09-18,631.2,410.5,555.9,1500
992,3,Cleaning,2025-09-19,695.3,512.8,674.1,1500
993,3,Cleaning,2025-09-20,812.6,549.7,382.4,1500
994,3,Cleaning,2025-09-21,500.0,359.9,361.7,1500
995,3,Cooling,2025-09-22,735.5,556.6,704.6,1500
996,3,Cleaning,2025-09-23,731.3,587.6,713.3,1500
997,3,Cleaning,2025-09-24,1662.0,966.5,622.5,1500
998,3,Cleaning,2025-09-25,643.3,410.0,692.1,1500
999,3,Utilities,2025-09-26,767.7,622.3,626.4,1500
1000,3,Production,2025-09-27,492.3,387.9,395.4,1500
1001,3,Production,2025-09-28,413.3,256.9,420.6,1500
1002,3,Cleaning,2025-09-29,676.6,457.1,514.6,1500
1003,3,Cooling,2025-09-30,831.3,591.0,493.3,1500
1004,3,Cooling,2025-10-01,655.4,544.6,650.3,1500
1005,3,Cleaning,2025-10-02,645.2,527.7,671.7,1500
1006,3,Cooling,2025-10-03,658.6,401.2,568.2,1500
1007,3,Production,2025-10-04,369.0,307.4,383.7,1500
1008,3,Production,2025-10-05,411.8,338.6,300.3,1500
1009,3,Cleaning,2025-10-06,619.0,488.8,628.0,1500
1010,3,Cooling,2025-10-07,655.9,438.9,552.0,1500
1011,3,Production,2025-10-08,673.2,430.4,503.2,1500
1012,3,Production,2025-10-09,658.9,453.0,551.8,1500
1013,3,Cleaning,2025-10-10,738.6,474.8,550.1,1500
1014,3,Utilities,2025-10-11,375.1,227.8,414.6,1500
1015,3,Utilities,2025-10-12,375.5,265.3,311.2,1500
1016,3,Utilities,2025-10-13,747.7,507.0,670.6,1500
1017,3,Production,2025-10-14,825.2,651.0,586.8,1500
1018,3,Utilities,2025-10-15,635.2,430.4,629.4,1500
1019,3,Utilities,2025-10-16,664.3,435.7,680.9,1500
1020,3,Cleaning,2025-10-17,699.1,541.7,634.3,1500
1021,3,Cleaning,2025-10-18,427.4,259.7,353.5,1500
1022,3,Utilities,2025-10-19,478.5,320.9,335.4,1500
1023,3,Production,2025-10-20,702.1,546.6,501.5,1500
1024,3,Production,2025-10-21,785.9,576.2,571.4,1500
1025,3,Cooling,2025-10-22,732.9,618.2,567.3,1500
1026,3,Utilities,2025-10-23,784.1,555.8,663.4,1500
1027,3,Cooling,2025-10-24,651.6,500.0,652.0,1500
1028,3,Utilities,2025-10-25,383.3,287.1,332.1,1500
1029,3,Utilities,2025-10-26,391.4,328.4,295.5,1500
1030,3,Utilities,2025-10-27,685.1,521.5,490.6,1500
1031,3,Cooling,2025-10-28,1534.3,1048.5,627.4,1500
1032,3,Cleaning,2025-10-29,698.7,520.2,522.6,1500
1033,3,Cleaning,2025-10-30,679.1,542.3,637.7,1500
1034,3,Utilities,2025-10-31,769.7,637.9,711.7,1500
1035,3,Utilities,2025-11-01,490.0,398.4,301.5,1500
1036,3,Production,2025-11-02,377.3,279.2,435.4,1500
1037,3,Cleaning,2025-11-03,820.7,540.7,658.3,1500
1038,3,Cleaning,2025-11-04,786.6,551.8,593.3,1500
1039,3,Cooling,2025-11-05,734.0,474.9,581.0,1500
1040,3,Utilities,2025-11-06,662.9,563.0,650.5,1500
1041,3,Production,2025-11-07,772.5,491.3,702.8,1500
1042,3,Cooling,2025-11-08,388.5,295.5,353.1,1500
1043,3,Utilities,2025-11-09,460.2,328.4,354.3,1500
1044,3,Utilities,2025-11-10,707.5,457.4,634.5,1500
1045,3,Cooling,2025-11-11,786.6,524.9,713.0,1500
1046,3,Production,2025-11-12,845.7,627.5,659.0,1500
1047,3,Utilities,2025-11-13,842.0,522.1,665.1,1500
1048,3,Cleaning,2025-11-14,731.8,453.4,704.1,1500
1049,3,Utilities,2025-11-15,461.1,353.2,390.1,1500
1050,3,Cleaning,2025-11-16,971.7,740.0,370.6,1500
1051,3,Cleaning,2025-11-17,722.1,606.7,681.7,1500
1052,3,Production,2025-11-18,782.9,586.7,561.3,1500
1053,3,Cleaning,2025-11-19,642.3,461.4,528.4,1500
1054,3,Cleaning,2025-11-20,808.1,611.0,557.1,1500
1055,3,Production,2025-11-21,817.6,547.4,519.5,1500
1056,3,Cleaning,2025-11-22,379.1,238.0,317.9,1500
1057,3,Cooling,2025-11-23,464.9,321.9,318.0,1500
1058,3,Cooling,2025-11-24,736.2,588.8,697.3,1500
1059,3,Production,2025-11-25,843.3,631.5,687.4,1500
1060,3,Utilities,2025-11-26,799.6,527.3,594.5,1500
1061,3,Cooling,2025-11-27,756.8,613.4,500.5,1500
1062,3,Production,2025-11-28,640.3,458.5,603.3,1500
1063,3,Cooling,2025-11-29,427.7,332.1,361.7,1500
1064,3,Utilities,2025-11-30,378.8,315.1,358.0,1500
1065,3,Production,2025-12-01,691.3,506.6,609.6,1500
1066,3,Cleaning,2025-12-02,747.3,498.3,543.5,1500
1067,3,Utilities,2025-12-03,777.1,597.5,580.6,1500
1068,3,Cooling,2025-12-04,791.0,608.6,775.2,1500
1069,3,Production,2025-12-05,827.0,668.2,521.1,1500
1070,3,Production,2025-12-06,498.0,342.6,423.5,1500
1071,3,Production,2025-12-07,404.3,251.9,456.6,1500
1072,3,Cooling,2025-12-08,892.5,677.9,701.4,1500
1073,3,Cooling,2025-12-09,757.0,598.8,685.8,1500
1074,3,Cooling,2025-12-10,879.7,680.8,583.6,1500
1075,3,Production,2025-12-11,819.0,680.3,589.6,1500
1076,3,Cleaning,2025-12-12,729.0,579.7,589.8,1500
1077,3,Utilities,2025-12-13,448.1,275.6,459.3,1500
1078,3,Utilities,2025-12-14,410.8,347.1,342.0,1500
1079,3,Utilities,2025-12-15,693.9,510.1,629.7,1500
1080,3,Production,2025-12-16,883.6,688.2,544.8,1500
1081,3,Cleaning,2025-12-17,851.6,515.0,646.9,1500
1082,3,Production,2025-12-18,888.4,680.6,587.0,1500
1083,3,Utilities,2025-12-19,803.9,585.9,761.4,1500
1084,3,Utilities,2025-12-20,458.2,358.3,437.0,1500
1085,3,Cooling,2025-12-21,401.5,336.7,437.9,1500
1086,3,Cleaning,2025-12-22,747.0,504.8,532.3,1500
1087,3,Production,2025-12-23,754.5,613.7,606.1,1500
1088,3,Cleaning,2025-12-24,821.1,528.9,528.2,1500
1089,3,Cooling,2025-12-25,738.8,515.3,545.7,1500
1090,3,Utilities,2025-12-26,688.3,521.9,708.4,1500
1091,3,Cooling,2025-12-27,404.6,343.5,347.9,1500
1092,3,Cleaning,2025-12-28,471.7,396.8,437.0,1500
1093,3,Production,2025-12-29,677.0,415.7,722.0,1500
1094,3,Production,2025-12-30,718.2,548.3,653.5,1500
1095,3,Cooling,2025-12-31,843.1,555.0,536.7,1500
1096,4,Utilities,2025-01-01,1569.2,1126.4,233.4,2500
1097,4,Cooling,2025-01-02,1281.5,971.6,232.4,2500
1098,4,Production,2025-01-03,1480.3,951.3,207.3,2500
1099,4,Production,2025-01-04,795.8,595.9,125.6,2500
1100,4,Cooling,2025-01-05,880.1,706.6,143.1,2500
1101,4,Cleaning,2025-01-06,1329.4,1025.0,203.7,2500
1102,4,Cooling,2025-01-07,1618.9,1211.4,186.8,2500
1103,4,Cooling,2025-01-08,1615.9,1037.4,189.6,2500
1104,4,Cooling,2025-01-09,1691.6,1032.2,168.0,2500
1105,4,Utilities,2025-01-10,3128.9,1515.7,199.0,2500
1106,4,Cleaning,2025-01-11,877.4,703.5,133.1,2500
1107,4,Cooling,2025-01-12,803.6,536.6,117.6,2500
1108,4,Cooling,2025-01-13,1549.7,944.4,174.4,2500
1109,4,Production,2025-01-14,3059.8,1931.3,187.8,2500
1110,4,Production,2025-01-15,1553.5,1267.2,238.9,2500
1111,4,Utilities,2025-01-16,1621.6,1240.3,182.1,2500
1112,4,Cooling,2025-01-17,1583.4,1333.4,198.0,2500
1113,4,Production,2025-01-18,779.6,538.7,106.1,2500
1114,4,Utilities,2025-01-19,776.7,609.8,140.4,2500
1115,4,Production,2025-01-20,1493.3,939.3,231.6,2500
1116,4,Cleaning,2025-01-21,1463.6,1151.5,231.9,2500
1117,4,Production,2025-01-22,1421.8,887.9,219.0,2500
1118,4,Utilities,2025-01-23,1676.1,1036.5,206.8,2500
1119,4,Utilities,2025-01-24,1340.2,1115.0,196.4,2500
1120,4,Cooling,2025-01-25,888.6,576.3,113.2,2500
1121,4,Cleaning,2025-01-26,799.3,617.9,98.9,2500
1122,4,Utilities,2025-01-27,1481.4,952.2,187.5,2500
1123,4,Cooling,2025-01-28,1630.3,1238.2,208.9,2500
1124,4,Cooling,2025-01-29,1313.9,1069.8,199.1,2500
1125,4,Utilities,2025-01-30,1651.6,1106.2,218.4,2500
1126,4,Cooling,2025-01-31,1386.5,982.4,177.8,2500
1127,4,Cooling,2025-02-01,1087.6,896.8,124.8,2500
1128,4,Utilities,2025-02-02,1035.3,751.7,125.2,2500
1129,4,Production,2025-02-03,3675.3,2072.3,220.0,2500
1130,4,Cooling,2025-02-04,3502.3,1610.5,257.9,2500
1131,4,Utilities,2025-02-05,1785.6,1404.9,174.1,2500
1132,4,Cooling,2025-02-06,1793.5,1257.9,239.9,2500
1133,4,Utilities,2025-02-07,1711.1,1027.2,225.9,2500
1134,4,Cleaning,2025-02-08,976.5,658.3,142.0,2500
1135,4,Cooling,2025-02-09,1051.0,651.9,148.7,2500
1136,4,Production,2025-02-10,1619.6,1340.2,203.3,2500
1137,4,Utilities,2025-02-11,1547.5,1168.0,203.4,2500
1138,4,Production,2025-02-12,1641.9,1302.7,183.9,2500
1139,4,Production,2025-02-13,1684.6,1321.3,236.7,2500
1140,4,Cooling,2025-02-14,1735.0,1371.0,199.6,2500
1141,4,Utilities,2025-02-15,902.8,556.0,121.0,2500
1142,4,Production,2025-02-16,958.8,702.8,145.8,2500
1143,4,Utilities,2025-02-17,1671.0,1336.8,253.3,2500
1144,4,Production,2025-02-18,1461.7,1200.0,179.5,2500
1145,4,Cooling,2025-02-19,1510.1,1267.2,181.4,2500
1146,4,Cooling,2025-02-20,1610.7,1318.8,216.8,2500
1147,4,Cleaning,2025-02-21,1572.1,1211.5,252.1,2500
1148,4,Utilities,2025-02-22,951.2,724.0,118.2,2500
1149,4,Cooling,2025-02-23,1064.7,777.1,120.5,2500
1150,4,Cleaning,2025-02-24,1605.8,1230.8,217.6,2500
1151,4,Utilities,2025-02-25,1517.7,960.7,239.9,2500
1152,4,Cleaning,2025-02-26,1480.3,1025.8,196.8,2500
1153,4,Cooling,2025-02-27,1541.4,1100.5,186.3,2500
1154,4,Cleaning,2025-02-28,1458.8,939.2,232.9,2500
1155,4,Cooling,2025-03-01,913.6,574.9,162.4,2500
1156,4,Utilities,2025-03-02,943.8,609.8,139.0,2500
1157,4,Cleaning,2025-03-03,1937.9,1234.4,221.3,2500
1158,4,Cleaning,2025-03-04,1502.4,910.8,264.9,2500
1159,4,Utilities,2025-03-05,1912.4,1222.0,268.5,2500
1160,4,Cleaning,2025-03-06,1769.7,1192.6,261.8,2500
1161,4,Cooling,2025-03-07,1847.2,1444.8,264.2,2500
1162,4,Production,2025-03-08,1087.6,897.3,116.0,2500
1163,4,Cleaning,2025-03-09,871.9,657.7,120.4,2500
1164,4,Cleaning,2025-03-10,1468.6,1116.6,233.5,2500
1165,4,Cleaning,2025-03-11,1540.1,956.2,257.6,2500
1166,4,Production,2025-03-12,1936.8,1353.1,225.1,2500
1167,4,Production,2025-03-13,1902.5,1313.2,194.2,2500
1168,4,Cleaning,2025-03-14,1636.9,987.1,212.0,2500
1169,4,Utilities,2025-03-15,1131.1,703.4,147.9,2500
1170,4,Utilities,2025-03-16,1109.6,745.8,152.2,2500
1171,4,Utilities,2025-03-17,1811.1,1274.2,256.3,2500
1172,4,Cooling,2025-03-18,1546.3,1111.3,259.2,2500
1173,4,Production,2025-03-19,4303.5,2343.5,214.8,2500
1174,4,Cooling,2025-03-20,1723.2,1339.9,249.1,2500
1175,4,Cooling,2025-03-21,1863.8,1253.2,225.1,2500
1176,4,Cleaning,2025-03-22,1119.0,756.4,138.8,2500
1177,4,Production,2025-03-23,1105.8,706.1,124.8,2500
1178,4,Utilities,2025-03-24,1503.8,1152.6,206.8,2500
1179,4,Cooling,2025-03-25,1455.1,1151.2,225.4,2500
1180,4,Cleaning,2025-03-26,1736.1,1287.1,259.3,2500
1181,4,Utilities,2025-03-27,1936.0,1557.6,214.5,2500
1182,4,Production,2025-03-28,1870.4,1198.4,186.1,2500
1183,4,Cooling,2025-03-29,973.4,596.9,128.1,2500
1184,4,Cleaning,2025-03-30,879.2,591.6,143.1,2500
1185,4,Cooling,2025-03-31,1830.3,1182.0,189.3,2500
1186,4,Cleaning,2025-04-01,1917.7,1547.0,247.0,2500
1187,4,Cleaning,2025-04-02,3278.3,1904.6,259.7,2500
1188,4,Utilities,2025-04-03,1679.5,1394.4,199.0,2500
1189,4,Cooling,2025-04-04,1896.6,1515.0,235.4,2500
1190,4,Production,2025-04-05,1009.3,836.7,116.8,2500
1191,4,Production,2025-04-06,1028.6,697.3,130.4,2500
1192,4,Cleaning,2025-04-07,1555.4,1051.7,252.5,2500
1193,4,Cooling,2025-04-08,1909.7,1213.8,204.8,2500
1194,4,Cooling,2025-04-09,1974.0,1394.0,254.2,2500
1195,4,Production,2025-04-10,1867.2,1473.8,187.9,2500
1196,4,Production,2025-04-11,1709.0,1413.6,188.0,2500
1197,4,Production,2025-04-12,1114.0,886.3,161.2,2500
1198,4,Cooling,2025-04-13,937.1,644.6,115.4,2500
1199,4,Cleaning,2025-04-14,1957.2,1344.5,198.8,2500
1200,4,Cooling,2025-04-15,1727.5,1066.0,259.4,2500
1201,4,Cooling,2025-04-16,1836.7,1544.8,199.8,2500
1202,4,Production,2025-04-17,1970.1,1230.7,203.7,2500
1203,4,Utilities,2025-04-18,1655.9,1237.5,224.4,2500
1204,4,Cooling,2025-04-19,1138.9,962.7,133.8,2500
1205,4,Utilities,2025-04-20,914.8,774.1,117.2,2500
1206,4,Cooling,2025-04-21,1722.8,1189.3,210.5,2500
1207,4,Production,2025-04-22,1636.0,1028.9,210.1,2500
1208,4,Cleaning,2025-04-23,1821.8,1476.2,204.8,2500
1209,4,Utilities,2025-04-24,1563.9,965.6,261.4,2500
1210,4,Cleaning,2025-04-25,1559.0,1324.7,229.2,2500
1211,4,Utilities,2025-04-26,1042.0,801.4,117.0,2500
1212,4,Production,2025-04-27,1110.0,913.6,119.7,2500
1213,4,Cooling,2025-04-28,1641.5,1229.1,275.1,2500
1214,4,Utilities,2025-04-29,1841.5,1233.1,249.6,2500
1215,4,Cleaning,2025-04-30,1857.6,1486.5,270.8,2500
1216,4,Utilities,2025-05-01,1942.7,1414.0,194.1,2500
1217,4,Production,2025-05-02,1568.1,1135.8,237.6,2500
1218,4,Production,2025-05-03,2097.7,1585.8,135.5,2500
1219,4,Cleaning,2025-05-04,911.0,688.3,113.7,2500
1220,4,Utilities,2025-05-05,1843.7,1199.3,240.6,2500
1221,4,Cleaning,2025-05-06,4007.4,2748.0,229.6,2500
1222,4,Production,2025-05-07,1635.7,1110.1,214.8,2500
1223,4,Production,2025-05-08,1530.6,1170.7,251.2,2500
1224,4,Cooling,2025-05-09,1690.5,1071.1,245.5,2500
1225,4,Production,2025-05-10,1037.9,750.0,138.5,2500
1226,4,Utilities,2025-05-11,1009.6,821.4,136.0,2500
1227,4,Utilities,2025-05-12,1741.1,1209.1,241.9,2500
1228,4,Cleaning,2025-05-13,1603.6,973.4,184.9,2500
1229,4,Cleaning,2025-05-14,1852.3,1381.8,250.0,2500
1230,4,Utilities,2025-05-15,1490.1,1022.6,213.1,2500
1231,4,Cooling,2025-05-16,1566.5,1193.7,234.3,2500
1232,4,Production,2025-05-17,1129.5,710.0,117.7,2500
1233,4,Production,2025-05-18,1005.0,819.9,139.3,2500
1234,4,Cleaning,2025-05-19,1451.0,1041.0,182.8,2500
1235,4,Utilities,2025-05-20,1604.6,1002.0,224.9,2500
1236,4,Cooling,2025-05-21,1611.5,1169.5,249.9,2500
1237,4,Cleaning,2025-05-22,1625.4,1152.4,225.7,2500
1238,4,Production,2025-05-23,1867.9,1371.0,206.8,2500
1239,4,Utilities,2025-05-24,1109.8,839.2,160.4,2500
1240,4,Production,2025-05-25,1044.9,698.3,139.2,2500
1241,4,Utilities,2025-05-26,1547.3,1236.2,239.7,2500
1242,4,Cleaning,2025-05-27,1660.7,1220.6,198.9,2500
1243,4,Utilities,2025-05-28,1782.1,1313.2,260.4,2500
1244,4,Cooling,2025-05-29,1733.9,1132.6,267.8,2500
1245,4,Utilities,2025-05-30,1576.9,1197.6,253.9,2500
1246,4,Utilities,2025-05-31,1149.5,898.5,111.7,2500
1247,4,Utilities,2025-06-01,865.3,551.7,138.6,2500
1248,4,Utilities,2025-06-02,1569.1,1278.9,250.4,2500
1249,4,Utilities,2025-06-03,1499.8,1007.5,185.8,2500
1250,4,Cooling,2025-06-04,1567.0,984.7,188.5,2500
1251,4,Cleaning,2025-06-05,1595.2,1180.4,209.5,2500
1252,4,Production,2025-06-06,1468.3,981.1,174.5,2500
1253,4,Cleaning,2025-06-07,1013.6,652.8,147.2,2500
1254,4,Utilities,2025-06-08,1049.4,644.2,149.5,2500
1255,4,Cleaning,2025-06-09,1790.1,1477.1,207.0,2500
1256,4,Production,2025-06-10,1562.6,1265.6,244.5,2500
1257,4,Production,2025-06-11,1623.1,1310.2,253.7,2500
1258,4,Cleaning,2025-06-12,1610.8,1002.8,223.6,2500
1259,4,Cleaning,2025-06-13,1529.9,1141.4,205.5,2500
1260,4,Cooling,2025-06-14,1093.9,716.0,108.7,2500
1261,4,Cleaning,2025-06-15,949.9,630.3,133.6,2500
1262,4,Cleaning,2025-06-16,1709.1,1073.7,218.9,2500
1263,4,Cooling,2025-06-17,1836.6,1505.8,252.6,2500
1264,4,Cleaning,2025-06-18,1768.0,1070.1,255.1,2500
1265,4,Production,2025-06-19,1704.7,1359.0,192.6,2500
1266,4,Cleaning,2025-06-20,1679.7,1302.0,249.7,2500
1267,4,Cooling,2025-06-21,1071.3,746.8,150.1,2500
1268,4,Cleaning,2025-06-22,909.7,758.8,142.2,2500
1269,4,Cooling,2025-06-23,1813.7,1374.5,247.6,2500
1270,4,Utilities,2025-06-24,1752.5,1171.6,178.9,2500
1271,4,Utilities,2025-06-25,1598.5,1124.1,244.3,2500
1272,4,Production,2025-06-26,1769.4,1370.6,215.5,2500
1273,4,Cleaning,2025-06-27,1589.9,964.8,176.5,2500
1274,4,Utilities,2025-06-28,1052.0,667.0,123.9,2500
1275,4,Cleaning,2025-06-29,989.5,621.1,116.1,2500
1276,4,Cooling,2025-06-30,1780.3,1373.4,240.2,2500
1277,4,Utilities,2025-07-01,1668.1,1056.5,173.9,2500
1278,4,Cleaning,2025-07-02,1634.8,1062.1,193.2,2500
1279,4,Utilities,2025-07-03,1700.1,1395.9,178.0,2500
1280,4,Cooling,2025-07-04,1683.1,1419.7,175.9,2500
1281,4,Cooling,2025-07-05,778.4,587.3,124.8,2500
1282,4,Cleaning,2025-07-06,810.9,601.5,96.7,2500
1283,4,Utilities,2025-07-07,1647.3,1191.9,178.0,2500
1284,4,Cleaning,2025-07-08,1404.6,1016.3,170.4,2500
1285,4,Cooling,2025-07-09,1722.8,1155.6,214.2,2500
1286,4,Utilities,2025-07-10,1631.6,990.7,238.1,2500
1287,4,Utilities,2025-07-11,1683.3,1165.5,214.7,2500
1288,4,Production,2025-07-12,891.6,729.2,142.8,2500
1289,4,Cooling,2025-07-13,957.6,744.2,131.3,2500
1290,4,Production,2025-07-14,1525.6,935.2,234.5,2500
1291,4,Cleaning,2025-07-15,1723.5,1438.8,237.4,2500
1292,4,Production,2025-07-16,1277.4,927.6,190.5,2500
1293,4,Cleaning,2025-07-17,1334.5,1098.4,163.3,2500
1294,4,Cooling,2025-07-18,1501.7,1250.3,230.2,2500
1295,4,Cleaning,2025-07-19,956.8,677.6,108.5,2500
1296,4,Cooling,2025-07-20,899.8,758.8,109.5,2500
1297,4,Utilities,2025-07-21,1402.3,1148.8,209.0,2500
1298,4,Cleaning,2025-07-22,1507.6,1068.8,173.2,2500
1299,4,Utilities,2025-07-23,1618.7,1032.4,228.2,2500
1300,4,Utilities,2025-07-24,1298.9,827.6,178.4,2500
1301,4,Cleaning,2025-07-25,1348.6,966.7,169.3,2500
1302,4,Utilities,2025-07-26,776.0,534.8,130.0,2500
1303,4,Utilities,2025-07-27,795.4,620.4,103.1,2500
1304,4,Cooling,2025-07-28,1665.7,1074.6,173.5,2500
1305,4,Cleaning,2025-07-29,1528.5,1170.5,177.0,2500
1306,4,Production,2025-07-30,1511.7,1122.7,193.3,2500
1307,4,Utilities,2025-07-31,1579.6,1298.2,162.1,2500
1308,4,Production,2025-08-01,1343.4,1004.3,218.4,2500
1309,4,Cooling,2025-08-02,714.8,511.1,120.2,2500
1310,4,Cleaning,2025-08-03,856.0,514.8,131.9,2500
1311,4,Utilities,2025-08-04,1314.6,1029.2,202.3,2500
1312,4,Cooling,2025-08-05,1267.4,775.9,195.6,2500
1313,4,Production,2025-08-06,1489.0,1097.1,192.6,2500
1314,4,Cleaning,2025-08-07,1253.5,1054.5,212.0,2500
1315,4,Cooling,2025-08-08,1247.2,991.4,169.1,2500
1316,4,Cooling,2025-08-09,737.7,533.1,108.0,2500
1317,4,Cleaning,2025-08-10,933.3,700.8,104.7,2500
1318,4,Cleaning,2025-08-11,1392.8,1006.2,213.5,2500
1319,4,Utilities,2025-08-12,1216.9,858.7,175.2,2500
1320,4,Utilities,2025-08-13,1218.1,887.2,220.0,2500
1321,4,Cooling,2025-08-14,1566.8,1146.6,195.9,2500
1322,4,Utilities,2025-08-15,1361.4,1125.6,183.3,2500
1323,4,Cooling,2025-08-16,878.5,593.1,99.8,2500
1324,4,Production,2025-08-17,845.2,700.9,111.6,2500
1325,4,Utilities,2025-08-18,1218.7,932.6,190.1,2500
1326,4,Cleaning,2025-08-19,1423.1,1127.3,149.2,2500
1327,4,Utilities,2025-08-20,1254.1,809.6,177.1,2500
1328,4,Cleaning,2025-08-21,1310.1,1023.2,204.0,2500
1329,4,Cleaning,2025-08-22,1321.5,1096.2,207.9,2500
1330,4,Production,2025-08-23,894.2,671.6,127.5,2500
1331,4,Production,2025-08-24,709.1,446.1,96.4,2500
1332,4,Utilities,2025-08-25,1541.0,1296.7,192.5,2500
1333,4,Cleaning,2025-08-26,1466.9,1233.3,198.0,2500
1334,4,Production,2025-08-27,3053.1,1433.8,156.3,2500
1335,4,Cooling,2025-08-28,1379.6,877.8,165.9,2500
1336,4,Cooling,2025-08-29,1215.2,963.0,159.0,2500
1337,4,Production,2025-08-30,749.1,478.0,120.0,2500
1338,4,Utilities,2025-08-31,712.5,507.6,99.6,2500
1339,4,Utilities,2025-09-01,1129.3,679.8,183.1,2500
1340,4,Utilities,2025-09-02,1441.6,1130.6,180.7,2500
1341,4,Cleaning,2025-09-03,1123.9,786.6,174.9,2500
1342,4,Utilities,2025-09-04,1200.2,738.3,140.5,2500
1343,4,Production,2025-09-05,1214.2,925.3,201.1,2500
1344,4,Cleaning,2025-09-06,770.9,546.6,90.3,2500
1345,4,Utilities,2025-09-07,746.4,491.2,92.7,2500
1346,4,Cleaning,2025-09-08,1470.3,1195.9,189.0,2500
1347,4,Cleaning,2025-09-09,1392.5,971.4,168.2,2500
1348,4,Cleaning,2025-09-10,1421.0,1136.7,198.0,2500
1349,4,Cleaning,2025-09-11,1379.8,857.6,172.8,2500
1350,4,Cooling,2025-09-12,1346.5,841.9,168.2,2500
1351,4,Cleaning,2025-09-13,720.8,532.8,125.3,2500
1352,4,Cleaning,2025-09-14,749.5,479.4,118.1,2500
1353,4,Production,2025-09-15,1425.3,975.5,147.1,2500
1354,4,Cooling,2025-09-16,1299.8,1102.8,193.8,2500
1355,4,Cleaning,2025-09-17,1460.3,1187.7,200.0,2500
1356,4,Production,2025-09-18,1386.0,1152.7,169.7,2500
1357,4,Production,2025-09-19,1491.0,1186.0,181.7,2500
1358,4,Production,2025-09-20,859.1,524.5,87.9,2500
1359,4,Cooling,2025-09-21,879.6,562.3,95.7,2500
1360,4,Utilities,2025-09-22,1396.2,872.4,184.3,2500
1361,4,Cooling,2025-09-23,1157.5,752.9,206.7,2500
1362,4,Production,2025-09-24,1205.4,967.1,163.0,2500
1363,4,Production,2025-09-25,1213.5,945.1,168.1,2500
1364,4,Cooling,2025-09-26,1168.7,921.4,168.6,2500
1365,4,Utilities,2025-09-27,762.7,535.7,102.7,2500
1366,4,Cleaning,2025-09-28,887.3,630.6,115.7,2500
1367,4,Production,2025-09-29,1142.6,775.5,207.6,2500
1368,4,Production,2025-09-30,1263.4,769.8,203.4,2500
1369,4,Production,2025-10-01,1457.7,1231.8,190.3,2500
1370,4,Cleaning,2025-10-02,1244.1,1022.0,183.7,2500
1371,4,Cleaning,2025-10-03,1431.5,861.7,155.0,2500
1372,4,Cooling,2025-10-04,811.0,577.1,90.0,2500
1373,4,Utilities,2025-10-05,810.3,666.0,113.5,2500
1374,4,Cooling,2025-10-06,1420.7,882.4,172.5,2500
1375,4,Cooling,2025-10-07,1282.8,943.1,150.5,2500
1376,4,Cleaning,2025-10-08,3025.3,1819.2,146.9,2500
1377,4,Cooling,2025-10-09,1402.1,947.8,164.7,2500
1378,4,Production,2025-10-10,1405.7,934.7,170.5,2500
1379,4,Production,2025-10-11,753.2,559.7,81.8,2500
1380,4,Cooling,2025-10-12,835.1,707.5,104.7,2500
1381,4,Cooling,2025-10-13,1217.8,817.3,189.4,2500
1382,4,Cooling,2025-10-14,1357.0,990.5,152.8,2500
1383,4,Cooling,2025-10-15,1398.5,965.4,142.7,2500
1384,4,Utilities,2025-10-16,1115.1,686.4,196.4,2500
1385,4,Utilities,2025-10-17,1113.6,856.6,163.4,2500
1386,4,Utilities,2025-10-18,850.4,634.5,107.6,2500
1387,4,Utilities,2025-10-19,818.2,576.2,88.2,2500
1388,4,Utilities,2025-10-20,1355.8,857.3,183.9,2500
1389,4,Production,2025-10-21,1349.4,963.3,138.2,2500
1390,4,Cleaning,2025-10-22,1436.3,904.4,194.0,2500
1391,4,Cleaning,2025-10-23,1302.5,794.6,146.4,2500
1392,4,Cleaning,2025-10-24,1199.7,865.6,189.8,2500
1393,4,Utilities,2025-10-25,661.4,544.7,117.9,2500
1394,4,Utilities,2025-10-26,650.7,479.5,84.4,2500
1395,4,Utilities,2025-10-27,1302.9,966.0,197.2,2500
1396,4,Utilities,2025-10-28,1402.9,1134.1,145.0,2500
1397,4,Utilities,2025-10-29,1375.1,1054.4,146.1,2500
1398,4,Production,2025-10-30,1389.7,1064.7,163.9,2500
1399,4,Utilities,2025-10-31,1213.4,741.9,181.6,2500
1400,4,Cleaning,2025-11-01,817.4,667.4,113.1,2500
1401,4,Cleaning,2025-11-02,797.4,503.1,106.9,2500
1402,4,Production,2025-11-03,1484.2,1084.1,191.5,2500
1403,4,Production,2025-11-04,2718.6,1565.2,151.7,2500
1404,4,Utilities,2025-11-05,1142.5,837.9,161.5,2500
1405,4,Utilities,2025-11-06,1446.9,876.6,169.6,2500
1406,4,Cleaning,2025-11-07,1258.9,784.0,207.4,2500
1407,4,Cleaning,2025-11-08,699.5,464.4,87.3,2500
1408,4,Utilities,2025-11-09,825.0,507.2,123.7,2500
1409,4,Production,2025-11-10,1226.1,765.9,149.1,2500
1410,4,Cleaning,2025-11-11,1256.4,1013.8,147.6,2500
1411,4,Cooling,2025-11-12,1302.4,1026.4,166.0,2500
1412,4,Production,2025-11-13,2768.5,1782.7,143.8,2500
1413,4,Production,2025-11-14,1214.8,1021.5,186.2,2500
1414,4,Cooling,2025-11-15,737.2,517.3,87.0,2500
1415,4,Cooling,2025-11-16,849.5,539.9,106.1,2500
1416,4,Cooling,2025-11-17,1319.8,931.7,202.7,2500
1417,4,Production,2025-11-18,1427.6,1199.6,182.4,2500
1418,4,Cooling,2025-11-19,1109.6,924.7,172.8,2500
1419,4,Utilities,2025-11-20,1500.6,1216.4,154.0,2500
1420,4,Cleaning,2025-11-21,1127.2,884.6,178.4,2500
1421,4,Utilities,2025-11-22,829.7,670.1,113.8,2500
1422,4,Utilities,2025-11-23,715.2,519.4,117.0,2500
1423,4,Cleaning,2025-11-24,1358.1,1147.5,188.5,2500
1424,4,Cleaning,2025-11-25,2839.6,1620.5,180.9,2500
1425,4,Production,2025-11-26,1347.7,810.1,139.9,2500
1426,4,Utilities,2025-11-27,1407.9,1034.1,194.0,2500
1427,4,Production,2025-11-28,1320.3,1086.8,196.0,2500
1428,4,Production,2025-11-29,748.6,601.3,118.1,2500
1429,4,Cooling,2025-11-30,862.8,692.8,124.6,2500
1430,4,Cleaning,2025-12-01,3133.2,2187.9,164.4,2500
1431,4,Cleaning,2025-12-02,1259.1,1012.4,194.3,2500
1432,4,Cooling,2025-12-03,1276.9,923.8,174.9,2500
1433,4,Cooling,2025-12-04,1182.3,1000.3,195.2,2500
1434,4,Cleaning,2025-12-05,1416.3,1024.7,188.8,2500
1435,4,Cooling,2025-12-06,723.9,457.5,91.7,2500
1436,4,Cooling,2025-12-07,927.7,725.7,101.0,2500
1437,4,Production,2025-12-08,1592.3,1231.2,187.4,2500
1438,4,Utilities,2025-12-09,1180.2,834.1,197.8,2500
1439,4,Cleaning,2025-12-10,1359.4,1153.8,168.3,2500
1440,4,Utilities,2025-12-11,1385.7,1010.6,151.2,2500
1441,4,Production,2025-12-12,2507.6,1407.0,181.2,2500
1442,4,Production,2025-12-13,954.9,626.8,119.4,2500
1443,4,Cooling,2025-12-14,756.8,516.4,91.6,2500
1444,4,Production,2025-12-15,1379.2,1106.1,191.8,2500
1445,4,Cleaning,2025-12-16,1529.2,1012.0,183.0,2500
1446,4,Production,2025-12-17,1521.4,1110.5,165.5,2500
1447,4,Utilities,2025-12-18,1497.4,1132.5,190.8,2500
1448,4,Production,2025-12-19,1561.0,1083.9,213.9,2500
1449,4,Cooling,2025-12-20,723.1,578.9,91.2,2500
1450,4,Utilities,2025-12-21,724.1,557.1,113.6,2500
1451,4,Utilities,2025-12-22,1346.6,1015.8,178.4,2500
1452,4,Production,2025-12-23,1368.1,979.6,179.7,2500
1453,4,Production,2025-12-24,1320.7,1102.0,205.9,2500
1454,4,Cleaning,2025-12-25,1424.1,892.9,148.9,2500
1455,4,Cooling,2025-12-26,1555.8,982.5,185.7,2500
1456,4,Utilities,2025-12-27,888.6,631.9,99.6,2500
1457,4,Production,2025-12-28,739.5,551.8,111.6,2500
1458,4,Cleaning,2025-12-29,1308.9,1075.0,205.4,2500
1459,4,Cleaning,2025-12-30,1430.5,962.4,219.8,2500
1460,4,Cooling,2025-12-31,1203.2,874.5,209.8,2500
